model,dims,sampler,L,step_size,integrator,tuning,acc_rate,preconditioning,inv_L_prop,ess_avg,ess_corr_avg,ess_corr_min,ess_corr_inv_mean,num_steps,num_chains,worst,num_windows,ESS
Gaussian_log_35939,100,mhmchmc:grid_edgeFalse,56.23753356933594,1.5576841831207275,mclachlan,gridsearch,0.8233033418655396,False,0.0,0.003243361134082079,0.5653748512268066,0.5498588681221008,0.5653026103973389,20000,128,True,1,0.00039044691948220134
Gaussian_log_35939,100,mhmchmc:grid_edgeFalse,25.041383743286133,1.5576841831207275,mclachlan,gridsearch,0.8538978695869446,False,0.0,0.00422010850161314,0.5094773769378662,0.4953513741493225,0.509411633014679,20000,128,False,1,0.0002304719964740798
Gaussian_log_35939,100,mclmc:grid_edgeTrue,-37.192344665527344,-1.2510254383087158,mclachlan,gridsearch,1.0,False,0.0,0.0074349441565573215,0.1836024820804596,0.1833287477493286,0.18360242247581482,20000,128,True,1,0.0
