model,dims,sampler,L,step_size,integrator,tuning,acc_rate,preconditioning,inv_L_prop,ess_avg,ess_corr_avg,ess_corr_min,ess_corr_inv_mean,num_steps,num_chains,worst,num_windows,ESS
Gaussian_outliers_600,100,mhmchmc:grid_edgeFalse,67.89550018310547,15.782470703125,mclachlan,gridsearch,0.8407872319221497,False,0.0,0.028697825968265533,0.7121316194534302,0.6639161109924316,0.7119030952453613,20000,128,True,1,0.0028868899680674076
Gaussian_outliers_600,100,mhmchmc:grid_edgeFalse,13.73909854888916,12.912015914916992,mclachlan,gridsearch,0.8916116952896118,False,0.0,0.14776740968227386,0.48792651295661926,0.4758656620979309,0.4878750741481781,20000,128,False,1,0.0
Gaussian_outliers_600,100,mclmc:grid_edgeFalse,66.795166015625,15.421631813049316,mclachlan,gridsearch,1.0,False,0.0,0.10162601619958878,0.9247350692749023,0.9229297637939453,0.9247348308563232,20000,128,True,1,0.005689576733857393
