model,dims,sampler,L,step_size,integrator,tuning,acc_rate,preconditioning,inv_L_prop,ess_avg,ess_corr_avg,ess_corr_min,ess_corr_inv_mean,num_steps,num_chains,worst,num_windows,ESS
Gaussian_log_100000,100,mhmchmc:grid_edgeTrue,57.324825286865234,1.1038042306900024,mclachlan,gridsearch,0.8782549500465393,False,0.0,0.0023199105635285378,0.6266695261001587,0.6117056012153625,0.6266281604766846,20000,128,True,1,0.00022536584583576769
Gaussian_log_100000,100,mhmchmc:grid_edgeFalse,44.508358001708984,1.1038042306900024,mclachlan,gridsearch,0.8839400410652161,False,0.0,0.002450586063787341,0.6051510572433472,0.5916941165924072,0.6051132678985596,20000,128,False,1,0.00019006691582035273
Gaussian_log_100000,100,mclmc:grid_edgeTrue,-39.64884948730469,-0.9047263264656067,mclachlan,gridsearch,1.0,False,0.0,0.003995844163000584,0.14933669567108154,0.14908039569854736,0.14933647215366364,20000,128,True,1,0.0
