model,dims,sampler,L,step_size,integrator,tuning,acc_rate,preconditioning,inv_L_prop,ess_avg,ess_corr_avg,ess_corr_min,ess_corr_inv_mean,num_steps,num_chains,worst,num_windows,ESS
Gaussian_linear_1.0,9,adjusted_mclmc:grid_edgeFalse,3.900395631790161,3.896101951599121,mclachlan,gridsearch,0.9613000154495239,False,0.0,0.39019498229026794,0.4898127317428589,0.4152347445487976,0.48874369263648987,1000,128,True,1,0.10928874462842941
Gaussian_linear_1.0,9,adjusted_mclmc:grid_edgeFalse,4.659451484680176,4.583748817443848,mclachlan,gridsearch,0.9330078363418579,False,0.0,0.4352888762950897,0.6735247373580933,0.5432214736938477,0.6711309552192688,1000,128,False,1,0.11128426343202591
Gaussian_linear_1.0,9,mclmc:grid_edgeFalse,1.645310878753662,4.20151424407959,mclachlan,gridsearch,1.0,False,0.0,0.5154638886451721,0.7268497943878174,0.6862082481384277,0.726534903049469,1000,128,True,1,0.13623978197574615
Gaussian_linear_1.0,9,adjusted_mclmc:grid_edgeFalse,4.646854400634766,4.58682918548584,omelyan,gridsearch,0.9922689199447632,False,0.0,0.210017591714859,0.8589669466018677,0.786893367767334,0.8579476475715637,1000,128,True,1,0.06714847683906555
Gaussian_linear_1.0,9,adjusted_mclmc:grid_edgeFalse,5.042130470275879,4.944937705993652,omelyan,gridsearch,0.9890109896659851,False,0.0,0.23075854778289795,1.0482960939407349,0.9458951354026794,1.0467642545700073,1000,128,False,1,0.061875320971012115
Gaussian_linear_1.0,9,mclmc:grid_edgeFalse,1.614861011505127,5.090290069580078,omelyan,gridsearch,1.0,False,0.0,0.23529411852359772,1.1904773712158203,1.1041719913482666,1.1893284320831299,1000,128,True,1,0.0699300691485405
Gaussian_linear_1.0,9,adjusted_mclmc:grid_edgeFalse,3.8694422245025635,3.8648252487182617,velocity_verlet,gridsearch,0.798222541809082,False,0.0,0.8054893612861633,0.4919764995574951,0.43722593784332275,0.4911399781703949,1000,128,True,1,0.2312052845954895
Gaussian_linear_1.0,9,adjusted_mclmc:grid_edgeFalse,4.245795249938965,4.2057390213012695,velocity_verlet,gridsearch,0.7462188005447388,False,0.0,0.839462399482727,0.5737537145614624,0.518801748752594,0.5727593898773193,1000,128,False,1,0.2167539745569229
Gaussian_linear_1.0,9,mclmc:grid_edgeTrue,-2.638436794281006,-1.76011323928833,velocity_verlet,gridsearch,1.0,False,0.0,0.3496503531932831,0.23412273824214935,0.223305344581604,0.2340594381093979,1000,128,True,1,0.0
