model,dims,sampler,L,step_size,integrator,tuning,acc_rate,preconditioning,inv_L_prop,ess_avg,ess_corr_avg,ess_corr_min,ess_corr_inv_mean,num_steps,num_chains,worst,num_windows,ESS
Gaussian_linear_1.0,2,adjusted_mclmc:grid_edgeFalse,2.498398542404175,2.27140474319458,mclachlan,gridsearch,0.9228229522705078,False,0.0,0.43708860874176025,0.6729323863983154,0.4930537939071655,0.6673836708068848,1000,128,True,1,0.29139241576194763
Gaussian_linear_1.0,2,adjusted_mclmc:grid_edgeFalse,1.8955397605895996,1.863915205001831,mclachlan,gridsearch,0.9605884552001953,False,0.0,0.45106253027915955,0.445443332195282,0.2805459797382355,0.4384312331676483,1000,128,False,1,0.2777729630470276
Gaussian_linear_1.0,2,mclmc:grid_edgeFalse,4.6368913650512695,1.5646336078643799,mclachlan,gridsearch,1.0,False,0.0,0.4901960790157318,0.5045399069786072,0.48518404364585876,0.5043963193893433,1000,128,True,1,0.2688172161579132
Gaussian_linear_1.0,2,adjusted_mclmc:grid_edgeFalse,2.2396275997161865,2.204576015472412,omelyan,gridsearch,0.9721693992614746,False,0.0,0.28531864285469055,0.6897557973861694,0.5083754658699036,0.6839237213134766,1000,128,True,1,0.15380458533763885
Gaussian_linear_1.0,2,adjusted_mclmc:grid_edgeFalse,2.4209277629852295,2.204576015472412,omelyan,gridsearch,0.9703542590141296,False,0.0,0.20934084057807922,0.7476832866668701,0.5215838551521301,0.7398161888122559,1000,128,False,1,0.11750098317861557
Gaussian_linear_1.0,2,mclmc:grid_edgeFalse,3.0241904258728027,2.0665340423583984,omelyan,gridsearch,1.0,False,0.0,0.20618556439876556,0.7125539779663086,0.6694536209106445,0.7119473814964294,1000,128,True,1,0.13793103396892548
Gaussian_linear_1.0,2,adjusted_mclmc:grid_edgeFalse,2.2620742321014404,2.2185511589050293,velocity_verlet,gridsearch,0.7695441246032715,False,0.0,1.290473222732544,0.8623746037483215,0.7018829584121704,0.8579450249671936,1000,128,True,1,0.8382561206817627
Gaussian_linear_1.0,2,adjusted_mclmc:grid_edgeFalse,2.086578607559204,2.0602335929870605,velocity_verlet,gridsearch,0.8070523142814636,False,0.0,1.4105345010757446,0.7308980226516724,0.5374137163162231,0.7261689901351929,1000,128,False,1,0.8895262479782104
Gaussian_linear_1.0,2,mclmc:grid_edgeFalse,5.193809986114502,0.9948830604553223,velocity_verlet,gridsearch,1.0,False,0.0,0.4716981053352356,0.3673785328865051,0.3335716128349304,0.36691784858703613,1000,128,True,1,0.2092050164937973
