model,dims,sampler,L,step_size,integrator,tuning,acc_rate,preconditioning,inv_L_prop,ess_avg,ess_corr_avg,ess_corr_min,ess_corr_inv_mean,num_steps,num_chains,worst,num_windows,ESS
Gaussian_linear_1.0,5,mhmchmc:grid_edgeFalse,3.249241828918457,3.2039339542388916,mclachlan,gridsearch,0.9542675018310547,False,0.0,0.41430920362472534,0.5945042967796326,0.4887850880622864,0.5921273231506348,1000,128,True,1,0.15904127061367035
Gaussian_linear_1.0,5,mhmchmc:grid_edgeFalse,3.249241828918457,3.2039339542388916,mclachlan,gridsearch,0.9544974565505981,False,0.0,0.4523192048072815,0.5901381373405457,0.49605613946914673,0.5877280235290527,1000,128,False,1,0.1705978959798813
Gaussian_linear_1.0,5,mclmc:grid_edgeFalse,1.856855034828186,3.0197954177856445,mclachlan,gridsearch,1.0,False,0.0,0.5681818127632141,0.6790279150009155,0.6504222750663757,0.6788067817687988,1000,128,True,1,0.15576323866844177
Gaussian_linear_1.0,5,mhmchmc:grid_edgeFalse,3.6428654193878174,3.548713445663452,omelyan,gridsearch,0.9880040884017944,False,0.0,0.23473599553108215,0.8982611894607544,0.8047932386398315,0.8959054946899414,1000,128,True,1,0.07793235033750534
Gaussian_linear_1.0,5,mhmchmc:grid_edgeFalse,3.6428654193878174,3.548713445663452,omelyan,gridsearch,0.9879946708679199,False,0.0,0.256356418132782,0.9014329314231873,0.7985181212425232,0.89962238073349,1000,128,False,1,0.0749349519610405
Gaussian_linear_1.0,5,mclmc:grid_edgeFalse,1.6766812801361084,3.8371756076812744,omelyan,gridsearch,1.0,False,0.0,0.2469135820865631,1.202763319015503,1.0770199298858643,1.2008421421051025,1000,128,True,1,0.0917431190609932
Gaussian_linear_1.0,5,mhmchmc:grid_edgeFalse,3.422177314758301,3.362766742706299,velocity_verlet,gridsearch,0.7561689019203186,False,0.0,1.2131352424621582,0.7363406419754028,0.6306170225143433,0.7347003221511841,1000,128,True,1,0.38993632793426514
Gaussian_linear_1.0,5,mhmchmc:grid_edgeFalse,3.422177314758301,3.114706516265869,velocity_verlet,gridsearch,0.797025203704834,False,0.0,0.9383025765419006,0.7217409610748291,0.6312047839164734,0.7199772596359253,1000,128,False,1,0.32976576685905457
Gaussian_linear_1.0,5,mclmc:grid_edgeFalse,4.35178279876709,1.3118830919265747,velocity_verlet,gridsearch,1.0,False,0.0,0.35087719559669495,0.269552081823349,0.2579842507839203,0.2694772779941559,1000,128,True,1,0.11389521509408951
