model,dims,sampler,L,step_size,integrator,tuning,acc_rate,preconditioning,inv_L_prop,ess_avg,ess_corr_avg,ess_corr_min,ess_corr_inv_mean,num_steps,num_chains,worst,num_windows,ESS
Gaussian_log_216,100,adjusted_mclmc:grid_edgeFalse,18.249849319458008,4.9744181632995605,mclachlan,gridsearch,0.9053138494491577,False,0.0,0.03950335085391998,0.6834527850151062,0.6733342409133911,0.6834288239479065,40000,128,True,1,0.004912997595965862
Gaussian_log_216,100,adjusted_mclmc:grid_edgeTrue,22.170269012451172,4.9744181632995605,mclachlan,gridsearch,0.901939332485199,False,0.8,0.034732721745967865,0.7205995917320251,0.708422064781189,0.7205722332000732,40000,128,False,1,0.004346636589616537
Gaussian_log_216,100,mclmc:grid_edgeTrue,22.08986473083496,4.698385238647461,mclachlan,gridsearch,1.0,False,0.0,0.07042253762483597,0.3522849678993225,0.35179105401039124,0.35228481888771057,100000,128,True,1,0.007216048426926136
