model,dims,sampler,L,step_size,integrator,tuning,acc_rate,preconditioning,inv_L_prop,ess_avg,ess_corr_avg,ess_corr_min,ess_corr_inv_mean,num_steps,num_chains,worst,num_windows,ESS
Gaussian_outliers_35939,100,mhmchmc:grid_edgeTrue,360.56488037109375,16.908872604370117,mclachlan,gridsearch,0.8149694800376892,False,0.0,0.004884948488324881,0.5782966613769531,0.5406003594398499,0.5780534148216248,20000,128,True,1,0.00033530319342389703
Gaussian_outliers_35939,100,mhmchmc:grid_edgeFalse,10.351119995117188,10.225324630737305,mclachlan,gridsearch,0.9493695497512817,False,0.0,0.17330652475357056,0.28810352087020874,0.28344619274139404,0.28809458017349243,20000,128,False,1,0.0
Gaussian_outliers_35939,100,mclmc:grid_edgeTrue,0.31193891167640686,0.31149572134017944,mclachlan,gridsearch,1.0,False,0.0,0.0,4.301030158996582,4.301030158996582,4.301030158996582,20000,128,True,1,0.0
