model,dims,sampler,L,step_size,integrator,tuning,acc_rate,preconditioning,inv_L_prop,ess_avg,ess_corr_avg,ess_corr_min,ess_corr_inv_mean,num_steps,num_chains,worst,num_windows,ESS
Gaussian_outliers_78,100,mhmchmc:grid_edgeFalse,29.423221588134766,14.804740905761719,mclachlan,gridsearch,0.8814889192581177,False,0.0,0.09387410432100296,1.2731175422668457,1.2214529514312744,1.2727649211883545,20000,128,True,1,0.00956587865948677
Gaussian_outliers_78,100,mhmchmc:grid_edgeFalse,12.504514694213867,11.730058670043945,mclachlan,gridsearch,0.9199876189231873,False,0.0,0.19144201278686523,0.4220740795135498,0.4123067557811737,0.42205125093460083,20000,128,False,1,0.002957145916298032
Gaussian_outliers_78,100,mclmc:grid_edgeFalse,31.02344512939453,14.60269546508789,mclachlan,gridsearch,1.0,False,0.0,0.20408163964748383,0.8020452260971069,0.8007811307907104,0.8020448684692383,20000,128,True,1,0.019654087722301483
