model,dims,sampler,L,step_size,integrator,tuning,acc_rate,preconditioning,inv_L_prop,ess_avg,ess_corr_avg,ess_corr_min,ess_corr_inv_mean,num_steps,num_chains,worst,num_windows,ESS
Gaussian_linear_1.0,8,adjusted_mclmc:grid_edgeFalse,4.290004253387451,4.21893835067749,mclachlan,gridsearch,0.9412459135055542,False,0.0,0.4167095422744751,0.6480609178543091,0.5629839897155762,0.6459913849830627,1000,128,True,1,0.11877228319644928
Gaussian_linear_1.0,8,adjusted_mclmc:grid_edgeFalse,3.9419188499450684,3.9037275314331055,mclachlan,gridsearch,0.9543352723121643,False,0.0,0.3751179873943329,0.5548063516616821,0.47528141736984253,0.5530480742454529,1000,128,False,1,0.11705809831619263
Gaussian_linear_1.0,8,mclmc:grid_edgeFalse,1.770721197128296,3.7985270023345947,mclachlan,gridsearch,1.0,False,0.0,0.5208333134651184,0.6759217977523804,0.6412293314933777,0.6757267117500305,1000,128,True,1,0.13297872245311737
Gaussian_linear_1.0,8,adjusted_mclmc:grid_edgeFalse,4.0279221534729,3.9747226238250732,omelyan,gridsearch,0.9945987462997437,False,0.0,0.2099558264017105,0.6800878047943115,0.6002209782600403,0.6790000200271606,1000,128,True,1,0.06758851557970047
Gaussian_linear_1.0,8,adjusted_mclmc:grid_edgeFalse,5.048701286315918,4.899144172668457,omelyan,gridsearch,0.9856539964675903,False,0.0,0.20007775723934174,1.205553412437439,1.0609114170074463,1.2030367851257324,1000,128,False,1,0.06669258326292038
Gaussian_linear_1.0,8,mclmc:grid_edgeFalse,2.670456647872925,4.689690589904785,omelyan,gridsearch,1.0,False,0.0,0.23255814611911774,1.1378505229949951,1.0735559463500977,1.1371978521347046,1000,128,True,1,0.07117437571287155
Gaussian_linear_1.0,8,adjusted_mclmc:grid_edgeFalse,3.9061899185180664,3.8687808513641357,velocity_verlet,gridsearch,0.7742860317230225,False,0.0,0.8185315728187561,0.5632600784301758,0.49971023201942444,0.5622661709785461,1000,128,True,1,0.2669604420661926
Gaussian_linear_1.0,8,adjusted_mclmc:grid_edgeFalse,3.9061899185180664,3.8687808513641357,velocity_verlet,gridsearch,0.7738784551620483,False,0.0,0.8052220940589905,0.5659531354904175,0.49289342761039734,0.5647984743118286,1000,128,False,1,0.27134883403778076
Gaussian_linear_1.0,8,mclmc:grid_edgeTrue,-2.6419951915740967,-0.8066205382347107,velocity_verlet,gridsearch,1.0,False,0.0,0.17482517659664154,0.11168626695871353,0.1038593202829361,0.11161361634731293,1000,128,True,1,0.0
