model,dims,sampler,L,step_size,integrator,tuning,acc_rate,preconditioning,inv_L_prop,ess_avg,ess_corr_avg,ess_corr_min,ess_corr_inv_mean,num_steps,num_chains,worst,num_windows,ESS
Gaussian_log_4642,100,adjusted_mclmc:grid_edgeTrue,30.720922470092773,2.2424473762512207,mclachlan,gridsearch,0.9146499633789062,False,0.0,0.00901162251830101,0.6750702261924744,0.67110675573349,0.6750608682632446,40000,10,True,1,0.0009709249716252089
Gaussian_log_4642,100,adjusted_mclmc:grid_edgeTrue,45.553489685058594,1.8449558019638062,mclachlan,gridsearch,0.9676851630210876,False,0.8,0.006772720254957676,0.8319448828697205,0.8275899291038513,0.8319355249404907,40000,10,True,1,0.0008548093028366566
Gaussian_log_4642,100,mclmc:grid_edgeTrue,51.9064826965332,2.0816850662231445,mclachlan,gridsearch,1.0,False,0.0,0.01649620570242405,0.22238264977931976,0.2222975343465805,0.22238264977931976,100000,10,True,1,0.0016894745640456676
