model,dims,sampler,L,step_size,integrator,tuning,acc_rate,preconditioning,inv_L_prop,ess_avg,ess_corr_avg,ess_corr_min,ess_corr_inv_mean,num_steps,num_chains,worst,num_windows,ESS
Gaussian_outliers_216,100,adjusted_mclmc:grid_edgeFalse,44.166831970214844,13.377279281616211,mclachlan,gridsearch,0.8954797983169556,False,0.0,0.04467266425490379,0.7408126592636108,0.7285106182098389,0.7407682538032532,40000,128,True,1,0.005319294985383749
Gaussian_outliers_216,100,adjusted_mclmc:grid_edgeTrue,26.457361221313477,24.629350662231445,mclachlan,gridsearch,0.25345125794410706,False,0.8,0.016377680003643036,0.05055714398622513,0.04558969661593437,0.05045827850699425,40000,128,False,1,0.0013574430486187339
Gaussian_outliers_216,100,mclmc:grid_edgeFalse,49.7666015625,13.475898742675781,mclachlan,gridsearch,1.0,False,0.0,0.12019230425357819,0.6788225173950195,0.6784535646438599,0.6788224577903748,100000,128,True,1,0.012135921977460384
