model,dims,sampler,L,step_size,integrator,tuning,acc_rate,preconditioning,inv_L_prop,ess_avg,ess_corr_avg,ess_corr_min,ess_corr_inv_mean,num_steps,num_chains,worst,num_windows,ESS
Gaussian_linear_1.0,2,mhmchmc:grid_edgeFalse,1.888810396194458,1.8799309730529785,mclachlan,gridsearch,0.9604640007019043,False,0.0,0.4927222430706024,0.4471369683742523,0.3536323010921478,0.4439350962638855,1000,128,True,1,0.2893310785293579
Gaussian_linear_1.0,2,mhmchmc:grid_edgeFalse,1.9754159450531006,1.9580672979354858,mclachlan,gridsearch,0.9545449018478394,False,0.0,0.5387052893638611,0.4891504645347595,0.38489431142807007,0.48566725850105286,1000,128,False,1,0.3078315854072571
Gaussian_linear_1.0,2,mclmc:grid_edgeFalse,7.906982421875,2.1273012161254883,mclachlan,gridsearch,1.0,False,0.0,0.3571428656578064,0.7304866313934326,0.6590209603309631,0.7292389869689941,1000,128,True,1,0.2380952388048172
Gaussian_linear_1.0,2,mhmchmc:grid_edgeFalse,2.124746322631836,2.0835471153259277,omelyan,gridsearch,0.9777202606201172,False,0.0,0.23917312920093536,0.6331014633178711,0.509739875793457,0.6288061141967773,1000,128,True,1,0.16480837762355804
Gaussian_linear_1.0,2,mhmchmc:grid_edgeFalse,2.3704586029052734,2.305140972137451,omelyan,gridsearch,0.9665454030036926,False,0.0,0.2778414785861969,0.7617108821868896,0.5459080934524536,0.7541696429252625,1000,128,False,1,0.14196279644966125
Gaussian_linear_1.0,2,mclmc:grid_edgeFalse,4.722484111785889,2.4006335735321045,omelyan,gridsearch,1.0,False,0.0,0.32258063554763794,0.9530866146087646,0.8499420285224915,0.9511728286743164,1000,128,True,1,0.16393442451953888
Gaussian_linear_1.0,2,mhmchmc:grid_edgeFalse,2.0056867599487305,1.9598352909088135,velocity_verlet,gridsearch,0.8287810683250427,False,0.0,1.2690120935440063,0.6506637334823608,0.5200472474098206,0.6469618082046509,1000,128,True,1,0.7346912026405334
Gaussian_linear_1.0,2,mhmchmc:grid_edgeFalse,2.0056867599487305,1.9598352909088135,velocity_verlet,gridsearch,0.830049455165863,False,0.0,1.1772762537002563,0.6526581645011902,0.4940567910671234,0.648826539516449,1000,128,False,1,0.8142827749252319
Gaussian_linear_1.0,2,mclmc:grid_edgeFalse,2.7233352661132812,0.8524040579795837,velocity_verlet,gridsearch,1.0,False,0.0,0.5405405163764954,0.2713679075241089,0.24935795366764069,0.27111390233039856,1000,128,True,1,0.3236245810985565
