model,dims,sampler,L,step_size,integrator,tuning,acc_rate,preconditioning,inv_L_prop,ess_avg,ess_corr_avg,ess_corr_min,ess_corr_inv_mean,num_steps,num_chains,worst,num_windows,ESS
Gaussian_log_600,100,mhmchmc:grid_edgeFalse,25.198883056640625,3.978719472885132,mclachlan,gridsearch,0.8906617164611816,False,0.0,0.021629134193062782,0.6758633852005005,0.6576130986213684,0.6758028268814087,20000,128,True,1,0.0026219310238957405
Gaussian_log_600,100,mhmchmc:grid_edgeFalse,13.949384689331055,3.978719472885132,mclachlan,gridsearch,0.902840256690979,False,0.0,0.02737288363277912,0.5854984521865845,0.5691707730293274,0.5854522585868835,20000,128,False,1,0.002290967386215925
Gaussian_log_600,100,mclmc:grid_edgeFalse,28.953113555908203,3.5841827392578125,mclachlan,gridsearch,1.0,False,0.0,0.04413062706589699,0.298112690448761,0.2975599467754364,0.29811251163482666,20000,128,True,1,0.0047429329715669155
