model,dims,sampler,L,step_size,integrator,tuning,acc_rate,preconditioning,inv_L_prop,ess_avg,ess_corr_avg,ess_corr_min,ess_corr_inv_mean,num_steps,num_chains,worst,num_windows,ESS
Gaussian_outliers_216,100,mhmchmc:grid_edgeFalse,31.539403915405273,16.284212112426758,mclachlan,gridsearch,0.8245617747306824,False,0.0,0.08092684298753738,0.8752664923667908,0.8162185549736023,0.8746311068534851,20000,128,True,1,0.004551421385258436
Gaussian_outliers_216,100,mhmchmc:grid_edgeFalse,13.020666122436523,12.45463752746582,mclachlan,gridsearch,0.9037183523178101,False,0.0,0.18324299156665802,0.44638752937316895,0.43619921803474426,0.4463571608066559,20000,128,False,1,0.0
Gaussian_outliers_216,100,mclmc:grid_edgeFalse,49.47747039794922,15.41862964630127,mclachlan,gridsearch,1.0,False,0.0,0.1388888955116272,0.9243992567062378,0.9227348566055298,0.9243989586830139,20000,128,True,1,0.011690436862409115
