model,dims,sampler,L,step_size,integrator,tuning,acc_rate,preconditioning,inv_L_prop,ess_avg,ess_corr_avg,ess_corr_min,ess_corr_inv_mean,num_steps,num_chains,worst,num_windows,ESS
Gaussian_outliers_216,100,mclmc:st3,23.04010009765625,12.265609741210938,mclachlan,standard,1.0,False,0.0,0.19157087802886963,0.5856603384017944,0.5423625111579895,0.5849625468254089,100000,128,False,1,0.005730659235268831
Gaussian_outliers_216,100,mclmc:st3,22.90658950805664,12.245479583740234,mclachlan,standard,1.0,False,0.0,0.19157087802886963,0.5844844579696655,0.5164493918418884,0.5836489796638489,100000,128,False,2,0.005580979865044355
Gaussian_outliers_216,100,adjusted_mclmc:0.91.3,148.69522094726562,13.255048751831055,mclachlan,standard,0.9030200242996216,False,0.0,0.013460828922688961,0.8242194056510925,0.7765967845916748,0.8237736225128174,40000,128,True,2,0.0017758208559826016
Gaussian_outliers_216,100,adjusted_mclmc:0.91.3,29.537967681884766,13.370243072509766,mclachlan,standard,0.9009424448013306,False,0.0,0.0696292370557785,1.293513298034668,0.9837815165519714,1.2845021486282349,40000,128,False,2,0.0032290956005454063
Gaussian_outliers_216,100,adjusted_mclmc:0.91.3,148.51953125,12.059561729431152,mclachlan,standard,0.9022082090377808,False,0.8,0.015373866073787212,1.8613395690917969,1.1014602184295654,1.809881329536438,40000,128,True,2,0.0020132442004978657
Gaussian_outliers_216,100,adjusted_mclmc:0.91.3,29.76280403137207,14.174575805664062,mclachlan,standard,0.9217385649681091,False,0.8,0.13304555416107178,1.4326512813568115,0.9945319294929504,1.4007136821746826,40000,128,False,2,0.004728982225060463
Gaussian_outliers_216,100,nuts,0.0,0.0,velocity_verlet,standard,0.80739426612854,False,0.0,0.0426039844751358,1.7598294019699097,1.6237561702728271,1.7569818496704102,40000,128,,-1,0.001552184228785336
