model,dims,sampler,L,step_size,integrator,tuning,acc_rate,preconditioning,inv_L_prop,ess_avg,ess_corr_avg,ess_corr_min,ess_corr_inv_mean,num_steps,num_chains,worst,num_windows,ESS
Gaussian_log_35939,100,mclmc:st3,33.9305419921875,1.437448501586914,mclachlan,standard,1.0,False,0.0,0.008598452433943748,inf,inf,inf,20000,128,False,1,0.0
Gaussian_log_35939,100,mclmc:st2,33.3105354309082,1.437448501586914,mclachlan,standard,1.0,False,0.0,0.008528057485818863,inf,inf,inf,20000,128,False,1,0.0
Gaussian_log_35939,100,adjusted_mclmc:0.9,14.600468635559082,1.416688323020935,mclachlan,standard,0.914716362953186,False,0.0,0.003367587924003601,0.5138367414474487,0.4730314314365387,0.5134580731391907,20000,128,True,1,0.0
Gaussian_log_35939,100,adjusted_mclmc:0.9,28.870943069458008,1.3763761520385742,mclachlan,standard,0.9081079959869385,False,0.0,0.0038517159409821033,0.599722146987915,0.5541437864303589,0.5990962982177734,20000,128,True,2,0.000270096497843042
Gaussian_log_35939,100,adjusted_mclmc:0.9,14.611417770385742,1.4188592433929443,mclachlan,standard,0.9143081903457642,False,0.0,0.003130640136078,0.5130719542503357,0.46189597249031067,0.5126039385795593,20000,128,False,1,0.0
Gaussian_log_35939,100,adjusted_mclmc:0.9,29.067020416259766,1.3777951002120972,mclachlan,standard,0.9076007008552551,False,0.0,0.0041516986675560474,0.5998786687850952,0.5485162734985352,0.5991600155830383,20000,128,False,2,0.00026446895208209753
Gaussian_log_35939,100,nuts,0.0,0.0,velocity_verlet,standard,0.8049027919769287,False,0.0,0.0008322984213009477,inf,inf,inf,20000,128,,-1,0.00011008355795638636
Gaussian_log_35939,100,nuts,0.0,0.0,mclachlan,standard,0.8506758809089661,False,0.0,0.000788663630373776,inf,inf,inf,20000,128,,-1,0.00010314946848666295
