model,dims,sampler,L,step_size,integrator,tuning,acc_rate,preconditioning,inv_L_prop,ess_avg,ess_corr_avg,ess_corr_min,ess_corr_inv_mean,num_steps,num_chains,worst,num_windows,ESS
Gaussian_log_4642,100,mclmc:st3,26.55443572998047,2.354283332824707,mclachlan,standard,1.0,False,0.0,0.020374897867441177,inf,inf,inf,20000,128,False,1,0.0
Gaussian_log_4642,100,mclmc:st2,26.9035701751709,2.354283332824707,mclachlan,standard,1.0,False,0.0,0.019960079342126846,inf,inf,inf,20000,128,False,1,0.0
Gaussian_log_4642,100,adjusted_mclmc:0.9,24.030059814453125,2.3106236457824707,mclachlan,standard,0.9106016159057617,False,0.0,0.010376270860433578,0.6247832179069519,0.5739912390708923,0.6241973042488098,20000,128,True,1,0.0008023068075999618
Gaussian_log_4642,100,adjusted_mclmc:0.9,48.16181564331055,2.2217860221862793,mclachlan,standard,0.9044759273529053,False,0.0,0.0067733521573245525,0.7262474298477173,0.6544947624206543,0.7255303263664246,20000,128,True,2,0.0009020523866638541
Gaussian_log_4642,100,adjusted_mclmc:0.9,23.665061950683594,2.3141427040100098,mclachlan,standard,0.9103460907936096,False,0.0,0.01041803415864706,0.6212499141693115,0.5805199146270752,0.6207780838012695,20000,128,False,1,0.0008657083380967379
Gaussian_log_4642,100,adjusted_mclmc:0.9,28.739059448242188,2.2882142066955566,mclachlan,standard,0.9094201326370239,False,0.0,0.010232355445623398,0.6530877351760864,0.6319490671157837,0.6529585123062134,20000,128,False,2,0.0010941139189526439
Gaussian_log_4642,100,nuts,0.0,0.0,velocity_verlet,standard,0.8053927421569824,False,0.0,0.002135410439223051,inf,inf,inf,20000,128,,-1,0.00028344272868707776
Gaussian_log_4642,100,nuts,0.0,0.0,mclachlan,standard,0.8450092673301697,False,0.0,0.0022036228328943253,inf,inf,inf,20000,128,,-1,0.00030044690356589854
