model,dims,sampler,L,step_size,integrator,tuning,acc_rate,preconditioning,inv_L_prop,ess_avg,ess_corr_avg,ess_corr_min,ess_corr_inv_mean,num_steps,num_chains,worst,num_windows,ESS
Gaussian_outliers_10,100,mclmc:st3,9.429931640625,12.260512351989746,mclachlan,standard,1.0,False,0.0,0.37037035822868347,inf,inf,inf,20000,128,False,1,0.038819875568151474
Gaussian_outliers_10,100,mclmc:st2,10.748857498168945,12.260512351989746,mclachlan,standard,1.0,False,0.0,0.35971224308013916,inf,inf,inf,20000,128,False,1,0.038109757006168365
Gaussian_outliers_10,100,adjusted_mclmc:0.9,32.178314208984375,13.112462997436523,mclachlan,standard,0.9033476114273071,False,0.0,0.07626201212406158,1.0956178903579712,0.9243247509002686,1.0917870998382568,20000,128,True,1,0.009996051900088787
Gaussian_outliers_10,100,adjusted_mclmc:0.9,31.91609764099121,13.130071640014648,mclachlan,standard,0.9030975103378296,False,0.0,0.08030697703361511,1.11153244972229,0.9832247495651245,1.1094192266464233,20000,128,True,2,0.010377882979810238
Gaussian_outliers_10,100,adjusted_mclmc:0.9,10.851608276367188,9.865097045898438,mclachlan,standard,0.9527661800384521,False,0.0,0.20755498111248016,0.3295325040817261,0.32233181595802307,0.32949361205101013,20000,128,False,1,0.019677290692925453
Gaussian_outliers_10,100,adjusted_mclmc:0.9,10.82935905456543,9.844871520996094,mclachlan,standard,0.9531582593917847,False,0.0,0.21440821886062622,0.3280352056026459,0.31443727016448975,0.3279309570789337,20000,128,False,2,0.017846308648586273
Gaussian_outliers_10,100,nuts,0.0,0.0,velocity_verlet,standard,0.8060274124145508,False,0.0,0.054312948137521744,inf,inf,inf,20000,128,,-1,0.007310288958251476
Gaussian_outliers_10,100,nuts,0.0,0.0,mclachlan,standard,0.8177674412727356,False,0.0,0.04591227322816849,inf,inf,inf,20000,128,,-1,0.006174936890602112
