model,dims,sampler,L,step_size,integrator,tuning,acc_rate,preconditioning,inv_L_prop,ess_avg,ess_corr_avg,ess_corr_min,ess_corr_inv_mean,num_steps,num_chains,worst,num_windows,ESS
Gaussian_log_10,2,mclmc:st3,0.9111073613166809,0.692569375038147,mclachlan,standard,1.0,False,0.0,0.0,inf,inf,inf,200,2,False,1,0.0
Gaussian_log_10,2,mclmc:st2,1.5096855163574219,0.692569375038147,mclachlan,standard,1.0,False,0.0,0.0,inf,inf,inf,200,2,False,1,0.0
Gaussian_log_10,2,adjusted_mclmc:0.9,2.401418447494507,0.9646289348602295,mclachlan,standard,0.9465159177780151,False,0.0,0.13256028294563293,0.6936327219009399,0.6241778135299683,0.6866780519485474,200,2,True,1,0.1080404594540596
Gaussian_log_10,2,adjusted_mclmc:0.9,2.3619937896728516,1.4938684701919556,mclachlan,standard,0.8684507012367249,False,0.0,0.0,0.5902006030082703,0.5598902106285095,0.5886439681053162,200,2,True,2,0.0
Gaussian_log_10,2,adjusted_mclmc:0.9,1.776306390762329,1.1361504793167114,mclachlan,standard,0.9373173713684082,False,0.0,0.1954137086868286,0.718564510345459,0.7040449380874634,0.7182711362838745,200,2,False,1,0.14656028151512146
Gaussian_log_10,2,adjusted_mclmc:0.9,1.1825449466705322,1.0728665590286255,mclachlan,standard,0.9560763835906982,False,0.0,0.0,0.39739763736724854,0.256334513425827,0.34732484817504883,200,2,False,2,0.0
Gaussian_log_10,2,nuts,0.0,0.0,velocity_verlet,standard,0.8450009822845459,False,0.0,0.0,inf,inf,inf,200,2,,-1,0.0
Gaussian_log_10,2,nuts,0.0,0.0,mclachlan,standard,0.8024975657463074,False,0.0,0.09529255330562592,inf,inf,inf,200,2,,-1,0.0
