model,dims,sampler,L,step_size,integrator,tuning,acc_rate,preconditioning,inv_L_prop,ess_avg,ess_corr_avg,ess_corr_min,ess_corr_inv_mean,num_steps,num_chains,worst,num_windows,ESS
Gaussian_outliers_28,100,mclmc:st3,11.617947578430176,12.191583633422852,mclachlan,standard,1.0,False,0.0,0.31446540355682373,0.5812382698059082,0.5407902598381042,0.5805724859237671,100000,128,False,1,0.023877745494246483
Gaussian_outliers_28,100,mclmc:st3,11.50838851928711,12.292627334594727,mclachlan,standard,1.0,False,0.0,0.3105590045452118,0.5881779193878174,0.5260278582572937,0.5872122049331665,100000,128,False,2,0.02422480657696724
Gaussian_outliers_28,100,adjusted_mclmc:0.91.3,53.47611999511719,13.260793685913086,mclachlan,standard,0.9024871587753296,False,0.0,0.03959735482931137,0.9921120405197144,0.9169894456863403,0.9914463758468628,40000,128,True,2,0.005162004381418228
Gaussian_outliers_28,100,adjusted_mclmc:0.91.3,16.105728149414062,12.241806030273438,mclachlan,standard,0.9027875661849976,False,0.0,0.16810448467731476,0.7187804579734802,0.6540006399154663,0.717822790145874,40000,128,False,2,0.013015284202992916
Gaussian_outliers_28,100,adjusted_mclmc:0.91.3,53.387657165527344,12.334442138671875,mclachlan,standard,0.8953022360801697,False,0.8,0.0406627282500267,0.17899751663208008,0.16982470452785492,0.17868110537528992,40000,128,True,2,0.005096299108117819
Gaussian_outliers_28,100,adjusted_mclmc:0.91.3,16.104469299316406,11.954517364501953,mclachlan,standard,0.9015744924545288,False,0.8,0.1845831423997879,1.4585480690002441,1.371177315711975,1.4578343629837036,40000,128,False,2,0.019404398277401924
Gaussian_outliers_28,100,nuts,0.0,0.0,velocity_verlet,standard,0.8066138029098511,False,0.0,0.05136878043413162,1.7675153017044067,1.5358648300170898,1.7645349502563477,40000,128,,-1,0.006593038327991962
