model,dims,sampler,L,step_size,integrator,tuning,acc_rate,preconditioning,inv_L_prop,ess_avg,ess_corr_avg,ess_corr_min,ess_corr_inv_mean,num_steps,num_chains,worst,num_windows,ESS
Gaussian_outliers_100000,100,mclmc:st3,0.027567222714424133,7.089046266628429e-05,mclachlan,standard,1.0,False,0.0,0.0,inf,inf,inf,20000,128,False,1,0.0
Gaussian_outliers_100000,100,mclmc:st2,,7.089046266628429e-05,mclachlan,standard,1.0,False,0.0,0.0,inf,inf,inf,20000,128,False,1,0.0
Gaussian_outliers_100000,100,adjusted_mclmc:0.9,134.3570556640625,13.374380111694336,mclachlan,standard,0.903425931930542,False,0.0,0.008036890998482704,0.7963922619819641,0.72198486328125,0.7943354249000549,20000,128,True,1,0.0
Gaussian_outliers_100000,100,adjusted_mclmc:0.9,276.07977294921875,13.369884490966797,mclachlan,standard,0.9047925472259521,False,0.0,0.00515821622684598,0.776759147644043,0.7163072228431702,0.7759304642677307,20000,128,True,2,0.0
Gaussian_outliers_100000,100,adjusted_mclmc:0.9,128.71600341796875,13.287818908691406,mclachlan,standard,0.9054907560348511,False,0.0,0.007759962696582079,0.8063902854919434,0.7285536527633667,0.8039489984512329,20000,128,False,1,0.0
Gaussian_outliers_100000,100,adjusted_mclmc:0.9,225.05897521972656,13.297075271606445,mclachlan,standard,0.9060018062591553,False,0.0,0.00584662239998579,0.7823231220245361,0.714290976524353,0.7812209129333496,20000,128,False,2,0.0
Gaussian_outliers_100000,100,nuts,0.0,0.0,velocity_verlet,standard,0.8058665990829468,False,0.0,0.018994875252246857,inf,inf,inf,20000,128,,-1,0.0
Gaussian_outliers_100000,100,nuts,0.0,0.0,mclachlan,standard,0.8153504729270935,False,0.0,0.00524650514125824,inf,inf,inf,20000,128,,-1,0.0
