model,dims,sampler,L,step_size,integrator,tuning,acc_rate,preconditioning,inv_L_prop,ess_avg,ess_corr_avg,ess_corr_min,ess_corr_inv_mean,num_steps,num_chains,worst,num_windows,ESS
Gaussian_outliers_1669,100,mclmc:fast_gridFalse,136.28445434570312,15.168667793273926,mclachlan,gridsearch,1.0,False,0.0,0.05133470147848129,0.0,0.0,0.0,100000,128,True,1,0.004287797026336193
Gaussian_outliers_1669,100,adjusted_mclmc:fast_gridFalse,102.3277587890625,13.808988571166992,mclachlan,gridsearch,0.8917686939239502,False,0.0,0.018089625984430313,0.0,0.0,0.0,40000,128,True,1,0.0018012361833825707
Gaussian_outliers_1669,100,mclmc:st3,57.090511322021484,12.291061401367188,mclachlan,standard,1.0,False,0.0,0.08250825107097626,0.5871937274932861,0.5357406735420227,0.5865247845649719,100000,128,False,1,0.0016801075544208288
Gaussian_outliers_1669,100,mclmc:st3,50.147666931152344,12.22817611694336,mclachlan,standard,1.0,False,0.0,0.0868055522441864,0.5839291214942932,0.5178295969963074,0.5825449824333191,100000,128,False,2,0.00148553098551929
Gaussian_outliers_1669,100,adjusted_mclmc:0.91.3,273.33795166015625,13.334118843078613,mclachlan,standard,0.903657078742981,False,0.0,0.007277334574609995,0.7768963575363159,0.7323343753814697,0.7763108611106873,40000,128,True,2,0.0009012595401145518
Gaussian_outliers_1669,100,adjusted_mclmc:0.91.3,73.89954376220703,13.428895950317383,mclachlan,standard,0.9010251760482788,False,0.0,0.024098528549075127,0.7630038857460022,0.7107213735580444,0.7613270282745361,40000,128,False,2,0.0010562895331531763
Gaussian_outliers_1669,100,adjusted_mclmc:0.91.3,259.6455993652344,13.089092254638672,mclachlan,standard,0.9027266502380371,False,0.8,0.012262745760381222,0.9933187961578369,0.1620488464832306,0.49266713857650757,40000,128,True,2,0.0015080161392688751
Gaussian_outliers_1669,100,adjusted_mclmc:0.91.3,74.9717788696289,13.846086502075195,mclachlan,standard,0.9114111661911011,False,0.8,0.041222911328077316,1.4520063400268555,0.39112013578414917,1.134543538093567,40000,128,False,2,0.00108075060416013
Gaussian_outliers_1669,100,nuts,0.0,0.0,velocity_verlet,standard,0.8057531118392944,False,0.0,0.030476393178105354,1.7750864028930664,1.5991626977920532,1.7719312906265259,40000,128,,-1,0.0
