model,dims,sampler,L,step_size,integrator,tuning,acc_rate,preconditioning,inv_L_prop,ess_avg,ess_corr_avg,ess_corr_min,ess_corr_inv_mean,num_steps,num_chains,worst,num_windows,ESS
Brownian,32,mclmc:st3,2.3688864707946777,0.318175733089447,mclachlan,standard,1.0,False,0.0,0.08896797150373459,inf,inf,inf,40000,128,False,1,0.013451708480715752
Brownian,32,mclmc:st2,0.8193632364273071,0.318175733089447,mclachlan,standard,1.0,False,0.0,0.035971224308013916,inf,inf,inf,40000,128,False,1,0.004896200727671385
Brownian,32,adjusted_mclmc:0.9,1.9901621341705322,0.33196884393692017,mclachlan,standard,0.8886619806289673,False,0.0,0.031687334179878235,0.3712243139743805,0.00926593691110611,0.25409820675849915,40000,128,True,1,0.005898997187614441
Brownian,32,adjusted_mclmc:0.9,1.9919753074645996,0.3288690447807312,mclachlan,standard,0.8912123441696167,False,0.0,0.03178948909044266,0.37240076065063477,0.02420070767402649,0.2856842875480652,40000,128,True,2,0.004902383778244257
Brownian,32,adjusted_mclmc:0.9,0.8299462795257568,0.3881661891937256,mclachlan,standard,0.8666930794715881,False,0.0,0.020365042611956596,0.14329949021339417,2.500125083315652e-05,0.0031279325485229492,40000,128,False,1,0.0026117246598005295
Brownian,32,adjusted_mclmc:0.9,0.79212886095047,0.3863309621810913,mclachlan,standard,0.8756670951843262,False,0.0,0.020924696698784828,0.13109710812568665,0.010680885054171085,0.10410865396261215,40000,128,False,2,0.003532386850565672
Brownian,32,nuts,0.0,0.0,velocity_verlet,standard,0.7895216941833496,False,0.0,0.018689339980483055,inf,inf,inf,40000,128,,-1,0.0035643542651087046
Brownian,32,nuts,0.0,0.0,mclachlan,standard,0.7361230850219727,False,0.0,0.019047686830163002,inf,inf,inf,40000,128,,-1,0.003211250528693199
