model,dims,sampler,L,step_size,integrator,tuning,acc_rate,preconditioning,inv_L_prop,ess_avg,ess_corr_avg,ess_corr_min,ess_corr_inv_mean,num_steps,num_chains,worst,num_windows,ESS
Gaussian_log_12916,100,mclmc:st3,30.460330963134766,1.841066598892212,mclachlan,standard,1.0,False,0.0,0.013014054857194424,inf,inf,inf,20000,128,False,1,0.0
Gaussian_log_12916,100,mclmc:st2,30.649925231933594,1.841066598892212,mclachlan,standard,1.0,False,0.0,0.013283740729093552,inf,inf,inf,20000,128,False,1,0.0
Gaussian_log_12916,100,adjusted_mclmc:0.9,18.84229278564453,1.8095624446868896,mclachlan,standard,0.9130815863609314,False,0.0,0.006787222344428301,0.5648543834686279,0.5276643633842468,0.5643658638000488,20000,128,True,1,0.0003524729108903557
Gaussian_log_12916,100,adjusted_mclmc:0.9,37.589698791503906,1.751011848449707,mclachlan,standard,0.9059393405914307,False,0.0,0.005801578052341938,0.6594138741493225,0.6092140078544617,0.658767580986023,20000,128,True,2,0.0006455141119658947
Gaussian_log_12916,100,adjusted_mclmc:0.9,18.56280517578125,1.8107869625091553,mclachlan,standard,0.9129736423492432,False,0.0,0.006225255783647299,0.5628606081008911,0.5258836150169373,0.5624092221260071,20000,128,False,1,0.0003364190342836082
Gaussian_log_12916,100,adjusted_mclmc:0.9,34.08244323730469,1.7567470073699951,mclachlan,standard,0.9076501131057739,False,0.0,0.0060051204636693,0.6476657390594482,0.6180311441421509,0.6474629044532776,20000,128,False,2,0.0006612414726987481
Gaussian_log_12916,100,nuts,0.0,0.0,velocity_verlet,standard,0.8055030107498169,False,0.0,0.0013680700212717056,inf,inf,inf,20000,128,,-1,0.00018236480536870658
Gaussian_log_12916,100,nuts,0.0,0.0,mclachlan,standard,0.8476518392562866,False,0.0,0.0013960245996713638,inf,inf,inf,20000,128,,-1,0.00018315947090741247
