model,dims,sampler,L,step_size,integrator,tuning,acc_rate,preconditioning,inv_L_prop,ess_avg,ess_corr_avg,ess_corr_min,ess_corr_inv_mean,num_steps,num_chains,worst,num_windows,ESS
Gaussian_outliers_600,100,mclmc:st3,29.515323638916016,12.275171279907227,mclachlan,standard,1.0,False,0.0,0.14245013892650604,inf,inf,inf,20000,128,False,1,0.0025458247400820255
Gaussian_outliers_600,100,mclmc:st2,29.276161193847656,12.275171279907227,mclachlan,standard,1.0,False,0.0,0.14577259123325348,inf,inf,inf,20000,128,False,1,0.0027207923121750355
Gaussian_outliers_600,100,adjusted_mclmc:0.9,130.69613647460938,13.256500244140625,mclachlan,standard,0.9045172929763794,False,0.0,0.015549248084425926,0.8087277412414551,0.716475248336792,0.8062316179275513,20000,128,True,1,0.0019481380004435778
Gaussian_outliers_600,100,adjusted_mclmc:0.9,236.22161865234375,13.21295166015625,mclachlan,standard,0.9049733877182007,False,0.0,0.008393390104174614,0.7901360988616943,0.73564213514328,0.7892512083053589,20000,128,True,2,0.0011694555869325995
Gaussian_outliers_600,100,adjusted_mclmc:0.9,35.49479293823242,13.107963562011719,mclachlan,standard,0.9031236171722412,False,0.0,0.050543539226055145,0.9084130525588989,0.7206862568855286,0.8978626728057861,20000,128,False,1,0.00183365389239043
Gaussian_outliers_600,100,adjusted_mclmc:0.9,33.61285400390625,13.186241149902344,mclachlan,standard,0.9030147790908813,False,0.0,0.05380931869149208,1.0309581756591797,0.69124835729599,1.0005111694335938,20000,128,False,2,0.0015908537898212671
Gaussian_outliers_600,100,nuts,0.0,0.0,velocity_verlet,standard,0.8055429458618164,False,0.0,0.03303174301981926,inf,inf,inf,20000,128,,-1,0.0
Gaussian_outliers_600,100,nuts,0.0,0.0,mclachlan,standard,0.8155964016914368,False,0.0,0.03621170297265053,inf,inf,inf,20000,128,,-1,0.001363334245979786
