model,dims,sampler,L,step_size,integrator,tuning,acc_rate,preconditioning,inv_L_prop,ess_avg,ess_corr_avg,ess_corr_min,ess_corr_inv_mean,num_steps,num_chains,worst,num_windows,ESS
Gaussian_outliers_78,100,mclmc:st3,16.073467254638672,12.213592529296875,mclachlan,standard,1.0,False,0.0,0.2450980395078659,0.5824468731880188,0.5362482070922852,0.5817186236381531,100000,128,False,1,0.010874292813241482
Gaussian_outliers_78,100,mclmc:st3,15.946794509887695,12.32174301147461,mclachlan,standard,1.0,False,0.0,0.2631579041481018,0.5895404815673828,0.5482932925224304,0.5887982249259949,100000,128,False,2,0.012889919802546501
Gaussian_outliers_78,100,adjusted_mclmc:0.91.3,89.27739715576172,13.158523559570312,mclachlan,standard,0.903404712677002,False,0.0,0.022392848506569862,0.8854570388793945,0.8327551484107971,0.885032594203949,40000,128,True,2,0.0030696862377226353
Gaussian_outliers_78,100,adjusted_mclmc:0.91.3,20.60797882080078,12.238336563110352,mclachlan,standard,0.9040807485580444,False,0.0,0.09455051273107529,1.1605486869812012,1.0447407960891724,1.1577460765838623,40000,128,False,2,0.007622300647199154
Gaussian_outliers_78,100,adjusted_mclmc:0.91.3,89.16346740722656,13.464563369750977,mclachlan,standard,0.906222403049469,False,0.8,0.025927526876330376,2.5198354721069336,1.2936872243881226,2.4360969066619873,40000,128,True,2,0.003565647639334202
Gaussian_outliers_78,100,adjusted_mclmc:0.91.3,20.600378036499023,12.058189392089844,mclachlan,standard,0.8997681140899658,False,0.8,0.12242520600557327,1.4662153720855713,1.3967036008834839,1.4656355381011963,40000,128,False,2,0.009126520715653896
Gaussian_outliers_78,100,nuts,0.0,0.0,velocity_verlet,standard,0.807844340801239,False,0.0,0.04806813970208168,1.7559360265731812,1.5686248540878296,1.7532380819320679,40000,128,,-1,0.004328755661845207
