bmax	bavg	grads	time	name
0.02287108823657036	0.017726797610521317	0.0	2.2679052352905273	Banana
2.1571519629806797e+17	8015489158610944.0	0.0	2.8895392417907715	Gaussian_Gamma_1
422.709228515625	8.578685760498047	0.0	3.574706554412842	GermanCredit
6653908992.0	695297280.0	0.0	2.582838535308838	Brownian
9849500860416.0	20218189824.0	0.0	6.39433741569519	ItemResponseTheory
inf	inf	0.0	16.61507534980774	StochasticVolatility
