model,dims,sampler,L,step_size,integrator,tuning,acc_rate,preconditioning,inv_L_prop,ess_avg,ess_corr_avg,ess_corr_min,ess_corr_inv_mean,num_steps,num_chains,worst,num_windows,ESS
Gaussian_log_1,2,adjusted_hmc:fast_gridFalse,2.440685510635376,2.218806743621826,omelyan,gridsearch,0.9981448650360107,False,0.0,0.11293062567710876,0,0,0,40000,128,True,1,0.074515700340271
Gaussian_log_1,2,mclmc:fast_gridFalse,1.9716238975524902,1.6328247785568237,omelyan,gridsearch,1.0,False,0.0,0.2702702581882477,0,0,0,40000,128,True,1,0.1785714328289032
Gaussian_log_1,2,adjusted_mclmc:fast_gridFalse,2.534928798675537,2.304481029510498,omelyan,gridsearch,0.9647198915481567,False,0.0,0.23923446238040924,0,0,0,40000,128,True,1,0.1540832221508026
Gaussian_log_1,2,adjusted_hmc:fast_gridFalse,1.5378953218460083,1.3980870246887207,mclachlan,gridsearch,0.9919619560241699,False,0.0,0.22391408681869507,0,0,0,40000,128,True,1,0.12804101407527924
Gaussian_log_1,2,mclmc:fast_gridFalse,4.0201239585876465,1.183568000793457,mclachlan,gridsearch,1.0,False,0.0,0.36496350169181824,0,0,0,40000,128,True,1,0.2688172161579132
Gaussian_log_1,2,adjusted_mclmc:fast_gridFalse,2.3237833976745605,2.1125307083129883,mclachlan,gridsearch,0.9378758072853088,False,0.0,0.5285413265228271,0,0,0,40000,128,True,1,0.3156566321849823
Gaussian_log_1,2,adjusted_hmc:fast_gridFalse,1.7662485837936401,0.9718030095100403,velocity_verlet,gridsearch,0.9143595695495605,False,0.0,0.3334590196609497,0,0,0,40000,128,True,1,0.12065950781106949
Gaussian_log_1,2,mclmc:fast_gridFalse,2.639599561691284,0.6894510984420776,velocity_verlet,gridsearch,1.0,False,0.0,0.4444444477558136,0,0,0,40000,128,True,1,0.30959752202033997
Gaussian_log_1,2,adjusted_mclmc:fast_gridFalse,1.7805649042129517,1.5771644115447998,velocity_verlet,gridsearch,0.8970654010772705,False,0.0,0.8947134017944336,0,0,0,40000,128,True,1,0.7143276929855347
