model,dims,sampler,L,step_size,integrator,tuning,acc_rate,preconditioning,inv_L_prop,ess_avg,ess_corr_avg,ess_corr_min,ess_corr_inv_mean,num_steps,num_chains,worst,num_windows,ESS
Gaussian_log_1669,100,adjusted_mclmc:0.90.5,32.00093078613281,2.948550224304199,mclachlan,standard,0.90574049949646,False,0.0,0.013236687518656254,inf,inf,inf,40000,128,max,3,0.0016528047854080796
Gaussian_log_1669,100,adjusted_mclmc:0.91.3,30.880962371826172,2.9542057514190674,mclachlan,standard,0.9060072302818298,False,0.0,0.013549036346375942,inf,inf,inf,40000,128,avg,3,0.001631244900636375
Gaussian_log_1669,100,adjusted_mclmc:0.90.5,32.070274353027344,2.872760772705078,mclachlan,standard,0.9063653945922852,False,0.8,0.017424937337636948,inf,inf,inf,40000,128,max,3,0.0016816406277939677
Gaussian_log_1669,100,adjusted_mclmc:0.91.3,30.889514923095703,2.885952949523926,mclachlan,standard,0.9057369828224182,False,0.8,0.01680186577141285,inf,inf,inf,40000,128,avg,3,0.0014642379246652126
Gaussian_log_1669,100,nuts,0.0,0.0,velocity_verlet,standard,0.808586597442627,False,0.0,0.0032687392085790634,inf,inf,inf,40000,128,,-1,0.0004308137285988778
