model,dims,sampler,L,step_size,integrator,tuning,acc_rate,preconditioning,inv_L_prop,ess_avg,ess_corr_avg,ess_corr_min,ess_corr_inv_mean,num_steps,num_chains,worst,num_windows,ESS
Gaussian_log_12916,100,mclmc:st3,33.11298370361328,1.8416334390640259,mclachlan,standard,1.0,False,0.0,0.014124293811619282,inf,inf,inf,100000,128,False,1,0.0
Gaussian_log_12916,100,mclmc:st3,31.557775497436523,1.8426522016525269,mclachlan,standard,1.0,False,0.0,0.01331203430891037,inf,inf,inf,100000,128,False,2,0.0
Gaussian_log_12916,100,adjusted_mclmc:0.91.0,37.94623565673828,1.7440216541290283,mclachlan,standard,0.9071413278579712,False,0.0,0.005735054146498442,inf,inf,inf,40000,128,max,2,0.0005960045964457095
Gaussian_log_12916,100,adjusted_mclmc:0.91.3,37.3905029296875,1.7495901584625244,mclachlan,standard,0.9061882495880127,False,0.0,0.005827468819916248,inf,inf,inf,40000,128,avg,2,0.000607438269071281
Gaussian_log_12916,100,adjusted_mclmc:0.91.0,36.17238998413086,1.707918643951416,mclachlan,standard,0.9063581228256226,False,0.8,0.006604755762964487,inf,inf,inf,40000,128,max,2,0.00040808197809383273
Gaussian_log_12916,100,adjusted_mclmc:0.91.3,36.67754364013672,1.7038902044296265,mclachlan,standard,0.9068010449409485,False,0.8,0.006339931394904852,inf,inf,inf,40000,128,avg,2,0.00039382465183734894
Gaussian_log_12916,100,adjusted_hmc:0.91.3,9.181760787963867,0.21157120168209076,mclachlan,standard,0.8266743421554565,False,0.0,0.0006085489876568317,inf,inf,inf,40000,128,max,3,0.0
Gaussian_log_12916,100,adjusted_hmc:0.91.3,8.706714630126953,0.21156048774719238,mclachlan,standard,0.8266871571540833,False,0.0,0.0006492951652035117,inf,inf,inf,40000,128,avg,3,0.0
Gaussian_log_12916,100,nuts,0.0,0.0,velocity_verlet,standard,0.8020620346069336,False,0.0,0.0014080929104238749,inf,inf,inf,40000,128,,-1,0.00017962772108148783
