model,dims,sampler,L,step_size,integrator,tuning,acc_rate,preconditioning,inv_L_prop,ess_avg,ess_corr_avg,ess_corr_min,ess_corr_inv_mean,num_steps,num_chains,worst,num_windows,ESS
Gaussian_log_4642,100,adjusted_mclmc:0.90.5,41.14405822753906,2.2586567401885986,mclachlan,standard,0.9033364057540894,False,0.0,0.007954628206789494,inf,inf,inf,40000,128,max,3,0.0009717941284179688
Gaussian_log_4642,100,adjusted_mclmc:0.91.3,37.491600036621094,2.271963596343994,mclachlan,standard,0.9042803049087524,False,0.0,0.008582532405853271,inf,inf,inf,40000,128,avg,3,0.001025256933644414
Gaussian_log_4642,100,adjusted_mclmc:0.90.5,41.37652587890625,2.201509952545166,mclachlan,standard,0.903620719909668,False,0.8,0.010309593752026558,inf,inf,inf,40000,128,max,3,0.0008892929763533175
Gaussian_log_4642,100,adjusted_mclmc:0.91.3,37.44853591918945,2.212897300720215,mclachlan,standard,0.9046439528465271,False,0.8,0.011023218743503094,inf,inf,inf,40000,128,avg,3,0.0009092713589780033
Gaussian_log_4642,100,nuts,0.0,0.0,velocity_verlet,standard,0.8085820078849792,False,0.0,0.0021118633449077606,inf,inf,inf,40000,128,,-1,0.0002653546107467264
