model,dims,sampler,L,step_size,integrator,tuning,acc_rate,preconditioning,inv_L_prop,ess_avg,ess_corr_avg,ess_corr_min,ess_corr_inv_mean,num_steps,num_chains,worst,num_windows,ESS
Gaussian_outliers_28,100,mclmc:st3,11.582151412963867,12.284830093383789,mclachlan,standard,1.0,False,0.0,0.3105590045452118,inf,inf,inf,100000,128,False,1,0.02046663872897625
Gaussian_outliers_28,100,mclmc:st3,11.498641967773438,12.2638521194458,mclachlan,standard,1.0,False,0.0,0.3246753215789795,inf,inf,inf,100000,128,False,2,0.021579628810286522
Gaussian_outliers_28,100,adjusted_mclmc:0.91.0,53.752017974853516,13.186595916748047,mclachlan,standard,0.9038823843002319,False,0.0,0.03843381628394127,inf,inf,inf,40000,128,max,2,0.004965730011463165
Gaussian_outliers_28,100,adjusted_mclmc:0.91.3,16.092193603515625,12.14952278137207,mclachlan,standard,0.9044899940490723,False,0.0,0.15654228627681732,inf,inf,inf,40000,128,avg,2,0.01459446456283331
Gaussian_outliers_28,100,adjusted_mclmc:0.91.0,53.666873931884766,12.215989112854004,mclachlan,standard,0.8989722728729248,False,0.8,0.041062697768211365,inf,inf,inf,40000,128,max,2,0.005529590416699648
Gaussian_outliers_28,100,adjusted_mclmc:0.91.3,16.06291961669922,11.962760925292969,mclachlan,standard,0.9014394879341125,False,0.8,0.19082273542881012,inf,inf,inf,40000,128,avg,2,0.019941281527280807
Gaussian_outliers_28,100,adjusted_hmc:0.91.3,60.73297882080078,1.7512898445129395,mclachlan,standard,0.7255516648292542,False,0.0,0.0024397980887442827,inf,inf,inf,40000,128,max,3,0.00030332361347973347
Gaussian_outliers_28,100,adjusted_hmc:0.91.3,16.148521423339844,1.8335272073745728,mclachlan,standard,0.6840560436248779,False,0.0,0.009170935489237309,inf,inf,inf,40000,128,avg,3,0.0011259042657911777
Gaussian_outliers_28,100,nuts,0.0,0.0,velocity_verlet,standard,0.8033016920089722,False,0.0,0.051745571196079254,inf,inf,inf,40000,128,,-1,0.006578432861715555
