model,dims,sampler,L,step_size,integrator,tuning,acc_rate,preconditioning,inv_L_prop,ess_avg,ess_corr_avg,ess_corr_min,ess_corr_inv_mean,num_steps,num_chains,worst,num_windows,ESS
Gaussian_outliers_35939,100,mclmc:st3,181.0406494140625,12.124149322509766,mclachlan,standard,1.0,False,0.0,0.02148689329624176,inf,inf,inf,100000,128,False,1,0.0
Gaussian_outliers_35939,100,mclmc:st3,99.76382446289062,12.313908576965332,mclachlan,standard,1.0,False,0.0,0.03469812497496605,inf,inf,inf,100000,128,False,2,0.0
Gaussian_outliers_35939,100,adjusted_mclmc:0.91.0,270.61749267578125,13.32180404663086,mclachlan,standard,0.905646026134491,False,0.0,0.005732052493840456,inf,inf,inf,40000,128,max,2,0.00021778854716103524
Gaussian_outliers_35939,100,adjusted_mclmc:0.91.3,248.58145141601562,13.301351547241211,mclachlan,standard,0.9058753252029419,False,0.0,0.006172365043312311,inf,inf,inf,40000,128,avg,2,0.00020155611855443567
Gaussian_outliers_35939,100,adjusted_mclmc:0.91.0,252.8831787109375,13.02857780456543,mclachlan,standard,0.9044796228408813,False,0.8,0.009298584423959255,inf,inf,inf,40000,128,max,2,0.00013016886077821255
Gaussian_outliers_35939,100,adjusted_mclmc:0.91.3,234.34030151367188,13.083686828613281,mclachlan,standard,0.9056171774864197,False,0.8,0.008849863894283772,inf,inf,inf,40000,128,avg,2,0.0001228007022291422
Gaussian_outliers_35939,100,adjusted_hmc:0.91.3,73.5624771118164,1.8000431060791016,mclachlan,standard,0.7153350710868835,False,0.0,0.0011790965218096972,inf,inf,inf,40000,128,max,3,0.0
Gaussian_outliers_35939,100,adjusted_hmc:0.91.3,73.91191864013672,1.8145668506622314,mclachlan,standard,0.6982603073120117,False,0.0,0.0011661418247967958,inf,inf,inf,40000,128,avg,3,0.0
Gaussian_outliers_35939,100,nuts,0.0,0.0,velocity_verlet,standard,0.8034073114395142,False,0.0,0.021765753626823425,inf,inf,inf,40000,128,,-1,0.0
