model,dims,sampler,L,step_size,integrator,tuning,acc_rate,preconditioning,inv_L_prop,ess_avg,ess_corr_avg,ess_corr_min,ess_corr_inv_mean,num_steps,num_chains,worst,num_windows,ESS
Gaussian_log_1669,100,mclmc:st3,23.0240478515625,2.999067783355713,mclachlan,standard,1.0,False,0.0,0.03317850083112717,inf,inf,inf,100000,128,False,1,0.0018859384581446648
Gaussian_log_1669,100,mclmc:st3,22.683164596557617,3.0193943977355957,mclachlan,standard,1.0,False,0.0,0.03351206332445145,inf,inf,inf,100000,128,False,2,0.001301710493862629
Gaussian_log_1669,100,adjusted_mclmc:0.91.0,58.42530059814453,2.819924831390381,mclachlan,standard,0.9037922620773315,False,0.0,0.007197338622063398,inf,inf,inf,40000,128,max,2,0.0010058858897536993
Gaussian_log_1669,100,adjusted_mclmc:0.91.3,30.858638763427734,2.925666332244873,mclachlan,standard,0.9096089601516724,False,0.0,0.013818328268826008,inf,inf,inf,40000,128,avg,2,0.0015980062307789922
Gaussian_log_1669,100,adjusted_mclmc:0.91.0,57.610862731933594,2.763329029083252,mclachlan,standard,0.9045921564102173,False,0.8,0.011921224184334278,inf,inf,inf,40000,128,max,2,0.0013668944593518972
Gaussian_log_1669,100,adjusted_mclmc:0.91.3,30.779644012451172,2.8607072830200195,mclachlan,standard,0.9091639518737793,False,0.8,0.016835814341902733,inf,inf,inf,40000,128,avg,2,0.0014323936775326729
Gaussian_log_1669,100,adjusted_hmc:0.91.3,14.687704086303711,0.351282000541687,mclachlan,standard,0.8156052827835083,False,0.0,0.002047698711976409,inf,inf,inf,40000,128,max,3,0.00016854912973940372
Gaussian_log_1669,100,adjusted_hmc:0.91.3,14.085516929626465,0.3511815667152405,mclachlan,standard,0.8160043358802795,False,0.0,0.0021275265607982874,inf,inf,inf,40000,128,avg,3,0.00017649073561187834
Gaussian_log_1669,100,nuts,0.0,0.0,velocity_verlet,standard,0.8023215532302856,False,0.0,0.0032573663629591465,inf,inf,inf,40000,128,,-1,0.0004600419197231531
