model,dims,sampler,L,step_size,integrator,tuning,acc_rate,preconditioning,inv_L_prop,ess_avg,ess_corr_avg,ess_corr_min,ess_corr_inv_mean,num_steps,num_chains,worst,num_windows,ESS
Gaussian_log_35939,100,mclmc:st3,41.11214828491211,1.4377919435501099,mclachlan,standard,1.0,False,0.0,0.008497620932757854,inf,inf,inf,100000,128,False,1,0.0
Gaussian_log_35939,100,mclmc:st3,37.27839660644531,1.4471404552459717,mclachlan,standard,1.0,False,0.0,0.008665511384606361,inf,inf,inf,100000,128,False,2,0.0
Gaussian_log_35939,100,adjusted_mclmc:0.91.0,30.30065155029297,1.3732590675354004,mclachlan,standard,0.9074451327323914,False,0.0,0.003928388003259897,inf,inf,inf,40000,128,max,2,0.00028227936127223074
Gaussian_log_35939,100,adjusted_mclmc:0.91.3,29.352975845336914,1.372502088546753,mclachlan,standard,0.9084187746047974,False,0.0,0.004030426032841206,inf,inf,inf,40000,128,avg,2,0.0002571478544268757
Gaussian_log_35939,100,adjusted_mclmc:0.91.0,29.364410400390625,1.3367440700531006,mclachlan,standard,0.9076178073883057,False,0.8,0.003514079609885812,inf,inf,inf,40000,128,max,2,0.00015731055464129895
Gaussian_log_35939,100,adjusted_mclmc:0.91.3,28.459253311157227,1.335506558418274,mclachlan,standard,0.908430814743042,False,0.8,0.003462116466835141,inf,inf,inf,40000,128,avg,2,0.00015715789049863815
Gaussian_log_35939,100,adjusted_hmc:0.91.3,6.85858678817749,0.16402670741081238,mclachlan,standard,0.8315478563308716,False,0.0,0.0002626619825605303,inf,inf,inf,40000,128,max,3,0.0
Gaussian_log_35939,100,adjusted_hmc:0.91.3,6.647233963012695,0.1640196144580841,mclachlan,standard,0.8315866589546204,False,0.0,0.0002713831199798733,inf,inf,inf,40000,128,avg,3,0.0
Gaussian_log_35939,100,nuts,0.0,0.0,velocity_verlet,standard,0.8023627996444702,False,0.0,0.0008083829889073968,inf,inf,inf,40000,128,,-1,0.00010312549420632422
