model,dims,sampler,L,step_size,integrator,tuning,acc_rate,preconditioning,inv_L_prop,ess_avg,ess_corr_avg,ess_corr_min,ess_corr_inv_mean,num_steps,num_chains,worst,num_windows,ESS
Gaussian_log_78,100,mclmc:st3,13.679769515991211,6.107888221740723,mclachlan,standard,1.0,False,0.0,0.10893246531486511,inf,inf,inf,100000,128,False,1,0.011047282256186008
Gaussian_log_78,100,mclmc:st3,13.739201545715332,6.1215362548828125,mclachlan,standard,1.0,False,0.0,0.11086474359035492,inf,inf,inf,100000,128,False,2,0.010557432658970356
Gaussian_log_78,100,adjusted_mclmc:0.91.0,30.003520965576172,6.074219226837158,mclachlan,standard,0.9095861315727234,False,0.0,0.03243884816765785,inf,inf,inf,40000,128,max,2,0.004033846314996481
Gaussian_log_78,100,adjusted_mclmc:0.91.3,18.489112854003906,6.17689323425293,mclachlan,standard,0.9118009805679321,False,0.0,0.05476012080907822,inf,inf,inf,40000,128,avg,2,0.006544606294482946
Gaussian_log_78,100,adjusted_mclmc:0.91.0,29.929292678833008,5.97011661529541,mclachlan,standard,0.9091144800186157,False,0.8,0.05332525819540024,inf,inf,inf,40000,128,max,2,0.0063272989355027676
Gaussian_log_78,100,adjusted_mclmc:0.91.3,18.481403350830078,6.068182945251465,mclachlan,standard,0.9088348150253296,False,0.8,0.07564599812030792,inf,inf,inf,40000,128,avg,2,0.008750096894800663
Gaussian_log_78,100,adjusted_hmc:0.91.3,29.707054138183594,0.7442687153816223,mclachlan,standard,0.7913839817047119,False,0.0,0.0030545610934495926,inf,inf,inf,40000,128,max,3,0.00035307867801748216
Gaussian_log_78,100,adjusted_hmc:0.91.3,17.76543426513672,0.7443447709083557,mclachlan,standard,0.7912349700927734,False,0.0,0.0050723981112241745,inf,inf,inf,40000,128,avg,3,0.0006120071047917008
Gaussian_log_78,100,nuts,0.0,0.0,velocity_verlet,standard,0.802870512008667,False,0.0,0.013086785562336445,inf,inf,inf,40000,128,,-1,0.001779253245331347
