model,dims,sampler,L,step_size,integrator,tuning,acc_rate,preconditioning,inv_L_prop,ess_avg,ess_corr_avg,ess_corr_min,ess_corr_inv_mean,num_steps,num_chains,worst,num_windows,ESS
Gaussian_log_600,100,mclmc:st3,19.201953887939453,3.825876474380493,mclachlan,standard,1.0,False,0.0,0.05076142027974129,inf,inf,inf,100000,128,False,1,0.00312675884924829
Gaussian_log_600,100,mclmc:st3,19.22799301147461,3.813793182373047,mclachlan,standard,1.0,False,0.0,0.049850448966026306,inf,inf,inf,100000,128,False,2,0.0035775615833699703
Gaussian_log_600,100,adjusted_mclmc:0.91.0,49.9571418762207,3.6555733680725098,mclachlan,standard,0.9060455560684204,False,0.0,0.011290499940514565,inf,inf,inf,40000,128,max,2,0.0015960392775014043
Gaussian_log_600,100,adjusted_mclmc:0.91.3,25.64582633972168,3.785783529281616,mclachlan,standard,0.9107459783554077,False,0.0,0.021769147366285324,inf,inf,inf,40000,128,avg,2,0.0028285705484449863
Gaussian_log_600,100,adjusted_mclmc:0.91.0,49.68088912963867,3.5817291736602783,mclachlan,standard,0.906987726688385,False,0.8,0.01877192035317421,inf,inf,inf,40000,128,max,2,0.002230327110737562
Gaussian_log_600,100,adjusted_mclmc:0.91.3,25.644256591796875,3.690948963165283,mclachlan,standard,0.9130566120147705,False,0.8,0.027255572378635406,inf,inf,inf,40000,128,avg,2,0.0026318475138396025
Gaussian_log_600,100,adjusted_hmc:0.91.3,18.992795944213867,0.4518941342830658,mclachlan,standard,0.8096784353256226,False,0.0,0.0027927029877901077,inf,inf,inf,40000,128,max,3,0.0003164073277730495
Gaussian_log_600,100,adjusted_hmc:0.91.3,17.09560775756836,0.4519619047641754,mclachlan,standard,0.8095084428787231,False,0.0,0.003088151104748249,inf,inf,inf,40000,128,avg,3,0.00034681937540881336
Gaussian_log_600,100,nuts,0.0,0.0,velocity_verlet,standard,0.8022339344024658,False,0.0,0.005728175397962332,inf,inf,inf,40000,128,,-1,0.0007558201323263347
