model,dims,sampler,L,step_size,integrator,tuning,acc_rate,preconditioning,inv_L_prop,ess_avg,ess_corr_avg,ess_corr_min,ess_corr_inv_mean,num_steps,num_chains,worst,num_windows,ESS
Gaussian_log_28,100,mclmc:st3,11.590895652770996,7.684880256652832,mclachlan,standard,1.0,False,0.0,0.1689189225435257,inf,inf,inf,100000,128,False,1,0.01727115735411644
Gaussian_log_28,100,mclmc:st3,11.622614860534668,7.675760269165039,mclachlan,standard,1.0,False,0.0,0.16393442451953888,inf,inf,inf,100000,128,False,2,0.01694340817630291
Gaussian_log_28,100,adjusted_mclmc:0.91.0,23.205366134643555,7.695600509643555,mclachlan,standard,0.9091084003448486,False,0.0,0.054716188460588455,inf,inf,inf,40000,128,max,2,0.007332598324865103
Gaussian_log_28,100,adjusted_mclmc:0.91.3,16.139394760131836,7.73851203918457,mclachlan,standard,0.9109355211257935,False,0.0,0.08469879627227783,inf,inf,inf,40000,128,avg,2,0.010522283613681793
Gaussian_log_28,100,adjusted_mclmc:0.91.0,23.117401123046875,7.564173221588135,mclachlan,standard,0.9095014929771423,False,0.8,0.08748077601194382,inf,inf,inf,40000,128,max,2,0.011060788296163082
Gaussian_log_28,100,adjusted_mclmc:0.91.3,16.13720703125,7.587921619415283,mclachlan,standard,0.9075722694396973,False,0.8,0.12372177839279175,inf,inf,inf,40000,128,avg,2,0.015010944567620754
Gaussian_log_28,100,adjusted_hmc:0.91.3,30.439035415649414,0.9510253667831421,mclachlan,standard,0.7802192568778992,False,0.0,0.003658775705844164,inf,inf,inf,40000,128,max,3,0.0004331292293500155
Gaussian_log_28,100,adjusted_hmc:0.91.3,15.728424072265625,0.9519753456115723,mclachlan,standard,0.7789691686630249,False,0.0,0.006972562521696091,inf,inf,inf,40000,128,avg,3,0.0008483577403239906
Gaussian_log_28,100,nuts,0.0,0.0,velocity_verlet,standard,0.8023520708084106,False,0.0,0.025927795097231865,inf,inf,inf,40000,128,,-1,0.003380700945854187
