model,dims,sampler,L,step_size,integrator,tuning,acc_rate,preconditioning,inv_L_prop,ess_avg,ess_corr_avg,ess_corr_min,ess_corr_inv_mean,num_steps,num_chains,worst,num_windows,ESS
Gaussian_log_100000,100,adjusted_mclmc:0.90.5,46.091514587402344,1.0441523790359497,mclachlan,standard,0.9006590843200684,False,0.0,0.002270118100568652,inf,inf,inf,40000,128,max,3,0.00018158026796299964
Gaussian_log_100000,100,adjusted_mclmc:0.91.3,46.76902770996094,1.0407716035842896,mclachlan,standard,0.9004645347595215,False,0.0,0.0023336478043347597,inf,inf,inf,40000,128,avg,3,0.0001893974986160174
Gaussian_log_100000,100,adjusted_mclmc:0.90.5,45.506927490234375,1.0064268112182617,mclachlan,standard,0.9015840291976929,False,0.8,0.0023141028359532356,inf,inf,inf,40000,128,max,3,0.0001122231624322012
Gaussian_log_100000,100,adjusted_mclmc:0.91.3,45.448814392089844,1.0070128440856934,mclachlan,standard,0.901816725730896,False,0.8,0.002323854947462678,inf,inf,inf,40000,128,avg,3,0.00011085939331678674
Gaussian_log_100000,100,nuts,0.0,0.0,velocity_verlet,standard,0.8072382211685181,False,0.0,0.0004884115769527853,inf,inf,inf,40000,128,,-1,6.573377322638407e-05
