model,dims,sampler,L,step_size,integrator,tuning,acc_rate,preconditioning,inv_L_prop,ess_avg,ess_corr_avg,ess_corr_min,ess_corr_inv_mean,num_steps,num_chains,worst,num_windows,ESS
Gaussian_log_100000,100,mclmc:st3,49.249900817871094,1.120983362197876,mclachlan,standard,1.0,False,0.0,0.0054282923229038715,inf,inf,inf,100000,128,False,1,0.0
Gaussian_log_100000,100,mclmc:st3,41.77125549316406,1.1445331573486328,mclachlan,standard,1.0,False,0.0,0.005433010868728161,inf,inf,inf,100000,128,False,2,0.0
Gaussian_log_100000,100,adjusted_mclmc:0.91.0,22.513690948486328,1.0784937143325806,mclachlan,standard,0.9101521968841553,False,0.0,0.002272246638312936,inf,inf,inf,40000,128,max,2,9.863448940450326e-05
Gaussian_log_100000,100,adjusted_mclmc:0.91.3,22.99542999267578,1.0762989521026611,mclachlan,standard,0.9104803204536438,False,0.0,0.0022627832368016243,inf,inf,inf,40000,128,avg,2,0.00010212132474407554
Gaussian_log_100000,100,adjusted_mclmc:0.91.0,22.14606475830078,1.0484733581542969,mclachlan,standard,0.9090290069580078,False,0.8,0.0016389259835705161,inf,inf,inf,40000,128,max,2,6.640936044277623e-05
Gaussian_log_100000,100,adjusted_mclmc:0.91.3,21.750579833984375,1.0483859777450562,mclachlan,standard,0.9098286628723145,False,0.8,0.0016062407521530986,inf,inf,inf,40000,128,avg,2,6.0832615417893976e-05
Gaussian_log_100000,100,adjusted_hmc:0.91.3,5.597002983093262,0.1271989494562149,mclachlan,standard,0.8347166776657104,False,0.0,0.00010178454976994544,inf,inf,inf,40000,128,max,3,0.0
Gaussian_log_100000,100,adjusted_hmc:0.91.3,5.431365013122559,0.12724222242832184,mclachlan,standard,0.8342925310134888,False,0.0,0.00010507203842280433,inf,inf,inf,40000,128,avg,3,0.0
Gaussian_log_100000,100,nuts,0.0,0.0,velocity_verlet,standard,0.8021750450134277,False,0.0,0.0004878576728515327,inf,inf,inf,40000,128,,-1,6.265024421736598e-05
