model,dims,sampler,L,step_size,integrator,tuning,acc_rate,preconditioning,inv_L_prop,ess_avg,ess_corr_avg,ess_corr_min,ess_corr_inv_mean,num_steps,num_chains,worst,num_windows,ESS
Gaussian_outliers_1669,100,mclmc:st3,55.725425720214844,12.29321575164795,mclachlan,standard,1.0,False,0.0,0.0789889395236969,inf,inf,inf,100000,128,False,1,0.0014513788046315312
Gaussian_outliers_1669,100,mclmc:st3,45.77336502075195,12.278509140014648,mclachlan,standard,1.0,False,0.0,0.08944544196128845,inf,inf,inf,100000,128,False,2,0.001287100720219314
Gaussian_outliers_1669,100,adjusted_mclmc:0.91.0,270.61676025390625,13.239197731018066,mclachlan,standard,0.905365526676178,False,0.0,0.007297090720385313,inf,inf,inf,40000,128,max,2,0.000951917958445847
Gaussian_outliers_1669,100,adjusted_mclmc:0.91.3,73.66343688964844,13.260035514831543,mclachlan,standard,0.9040993452072144,False,0.0,0.023367922753095627,inf,inf,inf,40000,128,avg,2,0.0012573936255648732
Gaussian_outliers_1669,100,adjusted_mclmc:0.91.0,254.64462280273438,12.971014022827148,mclachlan,standard,0.9052716493606567,False,0.8,0.01190523523837328,inf,inf,inf,40000,128,max,2,0.0014206247869879007
Gaussian_outliers_1669,100,adjusted_mclmc:0.91.3,72.55233764648438,13.310746192932129,mclachlan,standard,0.9092566967010498,False,0.8,0.03776636719703674,inf,inf,inf,40000,128,avg,2,0.0008800562936812639
Gaussian_outliers_1669,100,adjusted_hmc:0.91.3,69.05105590820312,1.7790712118148804,mclachlan,standard,0.7198014259338379,False,0.0,0.001928283367305994,inf,inf,inf,40000,128,max,3,0.00019814081315416843
Gaussian_outliers_1669,100,adjusted_hmc:0.91.3,65.38407135009766,1.8000577688217163,mclachlan,standard,0.6919333934783936,False,0.0,0.0020319989416748285,inf,inf,inf,40000,128,avg,3,0.0001897885522339493
Gaussian_outliers_1669,100,nuts,0.0,0.0,velocity_verlet,standard,0.8032321929931641,False,0.0,0.0325031615793705,inf,inf,inf,40000,128,,-1,0.0
