model,dims,sampler,L,step_size,integrator,tuning,acc_rate,preconditioning,inv_L_prop,ess_avg,ess_corr_avg,ess_corr_min,ess_corr_inv_mean,num_steps,num_chains,worst,num_windows,ESS
Gaussian_outliers_600,100,mclmc:st3,35.824798583984375,12.236434936523438,mclachlan,standard,1.0,False,0.0,0.125,inf,inf,inf,100000,128,False,1,0.0032253903336822987
Gaussian_outliers_600,100,mclmc:st3,33.142642974853516,12.278181076049805,mclachlan,standard,1.0,False,0.0,0.1265822798013687,inf,inf,inf,100000,128,False,2,0.0033022917341440916
Gaussian_outliers_600,100,adjusted_mclmc:0.91.0,235.96951293945312,13.193059921264648,mclachlan,standard,0.9053908586502075,False,0.0,0.008543421514332294,inf,inf,inf,40000,128,max,2,0.0011787759140133858
Gaussian_outliers_600,100,adjusted_mclmc:0.91.3,45.31608581542969,13.021927833557129,mclachlan,standard,0.903191089630127,False,0.0,0.0402410551905632,inf,inf,inf,40000,128,avg,2,0.001875219400972128
Gaussian_outliers_600,100,adjusted_mclmc:0.91.0,234.18753051757812,12.94469928741455,mclachlan,standard,0.9061270356178284,False,0.8,0.015144182369112968,inf,inf,inf,40000,128,max,2,0.0018485856708139181
Gaussian_outliers_600,100,adjusted_mclmc:0.91.3,45.51618576049805,13.355957984924316,mclachlan,standard,0.9038145542144775,False,0.8,0.06054070591926575,inf,inf,inf,40000,128,avg,2,0.0018364140996709466
Gaussian_outliers_600,100,adjusted_hmc:0.91.3,71.5506591796875,1.775909185409546,mclachlan,standard,0.719591498374939,False,0.0,0.0019303313456475735,inf,inf,inf,40000,128,max,3,0.00023589003831148148
Gaussian_outliers_600,100,adjusted_hmc:0.91.3,44.92567825317383,1.8022743463516235,mclachlan,standard,0.6875329613685608,False,0.0,0.0030772436875849962,inf,inf,inf,40000,128,avg,3,0.000386766972951591
Gaussian_outliers_600,100,nuts,0.0,0.0,velocity_verlet,standard,0.8029550313949585,False,0.0,0.03650335595011711,inf,inf,inf,40000,128,,-1,0.000519634922966361
