model,dims,sampler,L,step_size,integrator,tuning,acc_rate,preconditioning,inv_L_prop,ess_avg,ess_corr_avg,ess_corr_min,ess_corr_inv_mean,num_steps,num_chains,worst,num_windows,ESS
Rosenbrock,36,adjusted_mclmc:0.90.5,8.996048927307129,0.603520393371582,mclachlan,standard,0.877597451210022,False,0.0,0.0014574603410437703,0.045813631266355515,0.026581982150673866,0.0428246334195137,80000,128,max,3,0.00021136629220563918
Rosenbrock,36,adjusted_mclmc:0.91.3,14.615899085998535,0.5702581405639648,mclachlan,standard,0.888637900352478,False,0.0,0.0021715685725212097,0.11104755103588104,0.018394380807876587,0.10597197711467743,80000,128,avg,3,0.0003330034960526973
Rosenbrock,36,adjusted_mclmc:0.90.5,9.456429481506348,0.5915527939796448,mclachlan,standard,0.8754545450210571,False,0.8,0.0009439758723601699,0.03885025531053543,0.002831817138940096,0.030818209052085876,80000,128,max,3,0.00015966543287504464
Rosenbrock,36,adjusted_mclmc:0.91.3,14.490273475646973,0.5634369850158691,mclachlan,standard,0.8861291408538818,False,0.8,0.001485851127654314,0.08390285074710846,0.016200097277760506,0.08072484284639359,80000,128,avg,3,0.0002413377951597795
Rosenbrock,36,nuts,0.0,0.0,velocity_verlet,standard,0.8094530701637268,False,0.0,0.0014987288741394877,0.2482297420501709,0.005166324321180582,0.17731213569641113,80000,128,,-1,0.0002751935971900821
