model,dims,sampler,L,step_size,integrator,tuning,acc_rate,preconditioning,inv_L_prop,ess_avg,ess_corr_avg,ess_corr_min,ess_corr_inv_mean,num_steps,num_chains,worst,num_windows,ESS
Gaussian_log_4642,100,mclmc:st3,27.643550872802734,2.3552119731903076,mclachlan,standard,1.0,False,0.0,0.02122241072356701,inf,inf,inf,100000,128,False,1,0.0006959717138670385
Gaussian_log_4642,100,mclmc:st3,27.29438018798828,2.368579864501953,mclachlan,standard,1.0,False,0.0,0.021523891016840935,inf,inf,inf,100000,128,False,2,0.0
Gaussian_log_4642,100,adjusted_mclmc:0.91.0,47.77000427246094,2.225236415863037,mclachlan,standard,0.9041918516159058,False,0.0,0.006549143698066473,inf,inf,inf,40000,128,max,2,0.000822116679046303
Gaussian_log_4642,100,adjusted_mclmc:0.91.3,37.08900451660156,2.2540178298950195,mclachlan,standard,0.9074134826660156,False,0.0,0.008654599077999592,inf,inf,inf,40000,128,avg,2,0.0010591926984488964
Gaussian_log_4642,100,adjusted_mclmc:0.91.0,47.315025329589844,2.1706104278564453,mclachlan,standard,0.905036449432373,False,0.8,0.010138883255422115,inf,inf,inf,40000,128,max,2,0.0009246923145838082
Gaussian_log_4642,100,adjusted_mclmc:0.91.3,37.15806579589844,2.1990528106689453,mclachlan,standard,0.907345175743103,False,0.8,0.010380391031503677,inf,inf,inf,40000,128,avg,2,0.0008956740493886173
Gaussian_log_4642,100,adjusted_hmc:0.91.3,11.652430534362793,0.2726420760154724,mclachlan,standard,0.8219340443611145,False,0.0,0.001129148993641138,inf,inf,inf,40000,128,max,3,6.858976121293381e-05
Gaussian_log_4642,100,adjusted_hmc:0.91.3,11.144743919372559,0.2727907598018646,mclachlan,standard,0.8211374878883362,False,0.0,0.0011948799947276711,inf,inf,inf,40000,128,avg,3,7.174183701863512e-05
Gaussian_log_4642,100,nuts,0.0,0.0,velocity_verlet,standard,0.8029146790504456,False,0.0,0.002196545246988535,inf,inf,inf,40000,128,,-1,0.00028837943682447076
