model,dims,sampler,L,step_size,integrator,tuning,acc_rate,preconditioning,inv_L_prop,ess_avg,ess_corr_avg,ess_corr_min,ess_corr_inv_mean,num_steps,num_chains,worst,num_windows,ESS
Gaussian_outliers_4642,100,mclmc:st3,91.56110382080078,12.316186904907227,mclachlan,standard,1.0,False,0.0,0.05482456088066101,inf,inf,inf,100000,128,False,1,0.0008227202342823148
Gaussian_outliers_4642,100,mclmc:st3,64.48851776123047,12.278911590576172,mclachlan,standard,1.0,False,0.0,0.062972292304039,inf,inf,inf,100000,128,False,2,0.0005608084611594677
Gaussian_outliers_4642,100,adjusted_mclmc:0.91.0,270.0061340332031,13.277864456176758,mclachlan,standard,0.9057217836380005,False,0.0,0.007036751136183739,inf,inf,inf,40000,128,max,2,0.0008638150175102055
Gaussian_outliers_4642,100,adjusted_mclmc:0.91.3,120.39399719238281,13.324331283569336,mclachlan,standard,0.9038527011871338,False,0.0,0.014108656905591488,inf,inf,inf,40000,128,avg,2,0.0007569934241473675
Gaussian_outliers_4642,100,adjusted_mclmc:0.91.0,266.99462890625,12.996832847595215,mclachlan,standard,0.9033971428871155,False,0.8,0.010546131990849972,inf,inf,inf,40000,128,max,2,0.0011000499362125993
Gaussian_outliers_4642,100,adjusted_mclmc:0.91.3,118.95628356933594,13.214824676513672,mclachlan,standard,0.9024341702461243,False,0.8,0.019935177639126778,inf,inf,inf,40000,128,avg,2,0.0004924015374854207
Gaussian_outliers_4642,100,adjusted_hmc:0.91.3,69.11334991455078,1.7854743003845215,mclachlan,standard,0.7178789377212524,False,0.0,0.0017798392800614238,inf,inf,inf,40000,128,max,3,9.583355858922005e-05
Gaussian_outliers_4642,100,adjusted_hmc:0.91.3,70.53126525878906,1.8069740533828735,mclachlan,standard,0.692780613899231,False,0.0,0.0017446782439947128,inf,inf,inf,40000,128,avg,3,9.366391896037385e-05
Gaussian_outliers_4642,100,nuts,0.0,0.0,velocity_verlet,standard,0.8031996488571167,False,0.0,0.022748136892914772,inf,inf,inf,40000,128,,-1,0.0
