model,dims,sampler,L,step_size,integrator,tuning,acc_rate,preconditioning,inv_L_prop,ess_avg,ess_corr_avg,ess_corr_min,ess_corr_inv_mean,num_steps,num_chains,worst,num_windows,ESS
Gaussian_log_12916,100,adjusted_mclmc:0.90.5,53.4403076171875,1.718189001083374,mclachlan,standard,0.9014114737510681,False,0.0,0.0044644554145634174,inf,inf,inf,40000,128,max,3,0.0005985862226225436
Gaussian_log_12916,100,adjusted_mclmc:0.91.3,45.79599380493164,1.7378286123275757,mclachlan,standard,0.9016667008399963,False,0.0,0.005299014504998922,inf,inf,inf,40000,128,avg,3,0.000617126643192023
Gaussian_log_12916,100,adjusted_mclmc:0.90.5,53.60566329956055,1.6701085567474365,mclachlan,standard,0.9014698266983032,False,0.8,0.006382548250257969,inf,inf,inf,40000,128,max,3,0.0005717113381251693
Gaussian_log_12916,100,adjusted_mclmc:0.91.3,45.719669342041016,1.692301630973816,mclachlan,standard,0.9016547203063965,False,0.8,0.006585466675460339,inf,inf,inf,40000,128,avg,3,0.0005609324434772134
Gaussian_log_12916,100,nuts,0.0,0.0,velocity_verlet,standard,0.8079174757003784,False,0.0,0.0013966553378850222,inf,inf,inf,40000,128,,-1,0.0001768254878697917
