model,dims,sampler,L,step_size,integrator,tuning,acc_rate,preconditioning,inv_L_prop,ess_avg,ess_corr_avg,ess_corr_min,ess_corr_inv_mean,num_steps,num_chains,worst,num_windows,ESS
Gaussian_outliers_12916,100,mclmc:st3,135.76919555664062,12.25222396850586,mclachlan,standard,1.0,False,0.0,0.03401360660791397,inf,inf,inf,100000,128,False,1,0.0005096943932585418
Gaussian_outliers_12916,100,mclmc:st3,82.921630859375,12.323371887207031,mclachlan,standard,1.0,False,0.0,0.042052146047353745,inf,inf,inf,100000,128,False,2,0.0
Gaussian_outliers_12916,100,adjusted_mclmc:0.91.0,269.40606689453125,13.34550666809082,mclachlan,standard,0.904712438583374,False,0.0,0.006443592719733715,inf,inf,inf,40000,128,max,2,0.0006470552762039006
Gaussian_outliers_12916,100,adjusted_mclmc:0.91.3,191.47500610351562,13.266524314880371,mclachlan,standard,0.9060760736465454,False,0.0,0.008638197556138039,inf,inf,inf,40000,128,avg,2,0.00043681173701770604
Gaussian_outliers_12916,100,adjusted_mclmc:0.91.0,271.0480041503906,12.954959869384766,mclachlan,standard,0.9033334255218506,False,0.8,0.009246104396879673,inf,inf,inf,40000,128,max,2,0.0004089929279871285
Gaussian_outliers_12916,100,adjusted_mclmc:0.91.3,179.510009765625,13.090850830078125,mclachlan,standard,0.9060847759246826,False,0.8,0.012067739851772785,inf,inf,inf,40000,128,avg,2,0.000271377619355917
Gaussian_outliers_12916,100,adjusted_hmc:0.91.3,70.26213073730469,1.797069787979126,mclachlan,standard,0.7165544033050537,False,0.0,0.001439704210497439,inf,inf,inf,40000,128,max,3,0.0
Gaussian_outliers_12916,100,adjusted_hmc:0.91.3,73.5125961303711,1.8315966129302979,mclachlan,standard,0.6763032674789429,False,0.0,0.0013371245004236698,inf,inf,inf,40000,128,avg,3,0.0
Gaussian_outliers_12916,100,nuts,0.0,0.0,velocity_verlet,standard,0.8033550381660461,False,0.0,0.01754881627857685,inf,inf,inf,40000,128,,-1,0.0
