model,dims,sampler,L,step_size,integrator,tuning,acc_rate,preconditioning,inv_L_prop,ess_avg,ess_corr_avg,ess_corr_min,ess_corr_inv_mean,num_steps,num_chains,worst,num_windows,ESS
Gaussian_outliers_10,100,mclmc:st3,9.407587051391602,12.30599308013916,mclachlan,standard,1.0,False,0.0,0.37037035822868347,inf,inf,inf,100000,128,False,1,0.03434066101908684
Gaussian_outliers_10,100,mclmc:st3,9.43171501159668,12.260724067687988,mclachlan,standard,1.0,False,0.0,0.3546099364757538,inf,inf,inf,100000,128,False,2,0.041631974279880524
Gaussian_outliers_10,100,adjusted_mclmc:0.91.0,31.991313934326172,13.172220230102539,mclachlan,standard,0.902235746383667,False,0.0,0.07481984794139862,inf,inf,inf,40000,128,max,2,0.009935036301612854
Gaussian_outliers_10,100,adjusted_mclmc:0.91.3,14.06386947631836,12.492759704589844,mclachlan,standard,0.9006693363189697,False,0.0,0.2253648042678833,inf,inf,inf,40000,128,avg,2,0.025574231520295143
Gaussian_outliers_10,100,adjusted_mclmc:0.91.0,31.99913787841797,14.356136322021484,mclachlan,standard,0.9162399768829346,False,0.8,0.1601485162973404,inf,inf,inf,40000,128,max,2,0.020475607365369797
Gaussian_outliers_10,100,adjusted_mclmc:0.91.3,14.118825912475586,12.085027694702148,mclachlan,standard,0.8988003730773926,False,0.8,0.2274872362613678,inf,inf,inf,40000,128,avg,2,0.028192222118377686
Gaussian_outliers_10,100,adjusted_hmc:0.91.3,39.900508880615234,1.7602872848510742,mclachlan,standard,0.723752498626709,False,0.0,0.0036958791315555573,inf,inf,inf,40000,128,max,3,0.00047743236063979566
Gaussian_outliers_10,100,adjusted_hmc:0.91.3,13.742273330688477,1.789050817489624,mclachlan,standard,0.7033770680427551,False,0.0,0.010690102353692055,inf,inf,inf,40000,128,avg,3,0.0014690315583720803
Gaussian_outliers_10,100,nuts,0.0,0.0,velocity_verlet,standard,0.803832471370697,False,0.0,0.05271131917834282,inf,inf,inf,40000,128,,-1,0.006880909204483032
