model,dims,sampler,L,step_size,integrator,tuning,acc_rate,preconditioning,inv_L_prop,ess_avg,ess_corr_avg,ess_corr_min,ess_corr_inv_mean,num_steps,num_chains,worst,num_windows,ESS
Gaussian_linear_1.0,4,adjusted_mclmc:grid_edgeFalse,3.1780035495758057,3.1123247146606445,mclachlan,gridsearch,0.9417703747749329,False,0.0,0.4576324224472046,0.6740939021110535,0.5227368474006653,0.6699687838554382,1000,128,True,1,0.15694443881511688
Gaussian_linear_1.0,4,adjusted_mclmc:grid_edgeFalse,3.2995545864105225,3.2222237586975098,mclachlan,gridsearch,0.9346879720687866,False,0.0,0.5033831000328064,0.7069452404975891,0.551638126373291,0.7019668817520142,1000,128,False,1,0.19376255571842194
Gaussian_linear_1.0,4,mclmc:grid_edgeTrue,0.14325618743896484,2.711019277572632,mclachlan,gridsearch,1.0,False,0.0,0.5208333134651184,0.5810256004333496,0.4498201608657837,0.5783571004867554,1000,128,True,1,0.2049180269241333
Gaussian_linear_1.0,4,adjusted_mclmc:grid_edgeFalse,3.022587776184082,2.959609270095825,omelyan,gridsearch,0.9899884462356567,False,0.0,0.2646389305591583,0.7408624887466431,0.6109365820884705,0.7383473515510559,1000,128,True,1,0.10306989401578903
Gaussian_linear_1.0,4,adjusted_mclmc:grid_edgeFalse,3.2530031204223633,3.167881727218628,omelyan,gridsearch,0.9862265586853027,False,0.0,0.22647278010845184,0.8698761463165283,0.6994640231132507,0.8664000034332275,1000,128,False,1,0.10820365697145462
Gaussian_linear_1.0,4,mclmc:grid_edgeFalse,1.1425482034683228,3.241852045059204,omelyan,gridsearch,1.0,False,0.0,0.2380952388048172,0.9543300867080688,0.867658257484436,0.9524288177490234,1000,128,True,1,0.10204081982374191
Gaussian_linear_1.0,4,adjusted_mclmc:grid_edgeFalse,3.106600046157837,3.042116165161133,velocity_verlet,gridsearch,0.7638297080993652,False,0.0,1.179810643196106,0.7867348790168762,0.6599720120429993,0.7848001718521118,1000,128,True,1,0.5021758079528809
Gaussian_linear_1.0,4,adjusted_mclmc:grid_edgeFalse,3.3438735008239746,3.25661563873291,velocity_verlet,gridsearch,0.7192764282226562,False,0.0,1.391292929649353,0.8952494859695435,0.7973388433456421,0.8930620551109314,1000,128,False,1,0.49187126755714417
Gaussian_linear_1.0,4,mclmc:grid_edgeFalse,2.203904867172241,1.3203797340393066,velocity_verlet,gridsearch,1.0,False,0.0,0.48076921701431274,0.27766698598861694,0.2636479139328003,0.2775358259677887,1000,128,True,1,0.13175231218338013
