model,dims,sampler,L,step_size,integrator,tuning,acc_rate,preconditioning,inv_L_prop,ess_avg,ess_corr_avg,ess_corr_min,ess_corr_inv_mean,num_steps,num_chains,worst,num_windows,ESS
Gaussian_log_28,100,mhmchmc:grid_edgeFalse,14.39674186706543,8.078384399414062,mclachlan,gridsearch,0.896905779838562,False,0.0,0.09109186381101608,0.7424619793891907,0.7168113589286804,0.7423437833786011,20000,128,True,1,0.011340458877384663
Gaussian_log_28,100,mhmchmc:grid_edgeFalse,9.664495468139648,8.078384399414062,mclachlan,gridsearch,0.8935102224349976,False,0.0,0.10370752960443497,0.4101139307022095,0.39850470423698425,0.41005775332450867,20000,128,False,1,0.009561686776578426
Gaussian_log_28,100,mclmc:grid_edgeFalse,13.369877815246582,7.8943915367126465,mclachlan,gridsearch,1.0,False,0.0,0.17793594300746918,0.49300527572631836,0.4904620349407196,0.4930039346218109,20000,128,True,1,0.018005041405558586
