model,dims,sampler,L,step_size,integrator,tuning,acc_rate,preconditioning,inv_L_prop,ess_avg,ess_corr_avg,ess_corr_min,ess_corr_inv_mean,num_steps,num_chains,worst,num_windows,ESS
Gaussian_linear_1.0,3,mhmchmc:grid_edgeFalse,2.479344606399536,2.4507596492767334,mclachlan,gridsearch,0.956688404083252,False,0.0,0.5148285627365112,0.5490498542785645,0.4282418489456177,0.5455507636070251,1000,128,True,1,0.1908244639635086
Gaussian_linear_1.0,3,mhmchmc:grid_edgeFalse,2.7973928451538086,2.7380905151367188,mclachlan,gridsearch,0.9385517835617065,False,0.0,0.4798043370246887,0.672704815864563,0.5543690323829651,0.6682404279708862,1000,128,False,1,0.19192174077033997
Gaussian_linear_1.0,3,mclmc:grid_edgeFalse,3.947849750518799,2.1956515312194824,mclachlan,gridsearch,1.0,False,0.0,0.45045045018196106,0.5990363955497742,0.577742338180542,0.598852813243866,1000,128,True,1,0.18939393758773804
Gaussian_linear_1.0,3,mhmchmc:grid_edgeFalse,2.9146764278411865,2.837062358856201,omelyan,gridsearch,0.9795492887496948,False,0.0,0.3090067505836487,0.8803898096084595,0.7261466979980469,0.8758873343467712,1000,128,True,1,0.11124242842197418
Gaussian_linear_1.0,3,mhmchmc:grid_edgeFalse,2.504913806915283,2.4669485092163086,omelyan,gridsearch,0.9888394474983215,False,0.0,0.24317128956317902,0.6454823017120361,0.5396448969841003,0.6425904035568237,1000,128,False,1,0.12958469986915588
Gaussian_linear_1.0,3,mclmc:grid_edgeFalse,3.644676923751831,2.7855427265167236,omelyan,gridsearch,1.0,False,0.0,0.3125,0.9298837780952454,0.8639891743659973,0.9287710189819336,1000,128,True,1,0.1342281848192215
Gaussian_linear_1.0,3,mhmchmc:grid_edgeFalse,2.637739896774292,2.5813519954681396,velocity_verlet,gridsearch,0.7895102500915527,False,0.0,1.3048300743103027,0.7743450403213501,0.6673189997673035,0.7722843885421753,1000,128,True,1,0.6795989871025085
Gaussian_linear_1.0,3,mhmchmc:grid_edgeFalse,2.538240432739258,2.31176495552063,velocity_verlet,gridsearch,0.8378734588623047,False,0.0,1.1384683847427368,0.6845043897628784,0.5692530870437622,0.6820986866950989,1000,128,False,1,0.5656985640525818
Gaussian_linear_1.0,3,mclmc:grid_edgeFalse,1.8800703287124634,1.2007532119750977,velocity_verlet,gridsearch,1.0,False,0.0,0.4651162922382355,0.2905852198600769,0.2699201703071594,0.2903195917606354,1000,128,True,1,0.1303780972957611
