model,dims,sampler,L,step_size,integrator,tuning,acc_rate,preconditioning,inv_L_prop,ess_avg,ess_corr_avg,ess_corr_min,ess_corr_inv_mean,num_steps,num_chains,worst,num_windows,ESS
Gaussian_outliers_1669,100,adjusted_mclmc:grid_edgeFalse,102.6786117553711,17.27882194519043,mclachlan,gridsearch,0.7964192628860474,False,0.0,0.018291372805833817,0.5559120774269104,0.5339285135269165,0.5557929277420044,40000,128,True,1,0.0014800408389419317
Gaussian_outliers_1669,100,adjusted_mclmc:grid_edgeFalse,119.16703796386719,14.77438735961914,mclachlan,gridsearch,0.8736135959625244,False,0.8,0.017315709963440895,0.8079591989517212,0.7861796021461487,0.8078755140304565,40000,128,False,1,0.001765600754879415
Gaussian_outliers_1669,100,mclmc:grid_edgeFalse,114.76793670654297,15.742942810058594,mclachlan,gridsearch,1.0,False,0.0,0.059241704642772675,0.9840174913406372,0.9833881258964539,0.9840173125267029,100000,128,True,1,0.004246645141392946
