model,dims,sampler,L,step_size,integrator,tuning,acc_rate,preconditioning,inv_L_prop,ess_avg,ess_corr_avg,ess_corr_min,ess_corr_inv_mean,num_steps,num_chains,worst,num_windows,ESS
Gaussian_log_4642,100,mhmchmc:grid_edgeFalse,29.82373046875,2.191312313079834,mclachlan,gridsearch,0.9229546785354614,False,0.0,0.009468486532568932,0.6804248094558716,0.6692587733268738,0.6803913712501526,20000,128,True,1,0.0009765478316694498
Gaussian_log_4642,100,mhmchmc:grid_edgeFalse,22.206199645996094,2.475785493850708,mclachlan,gridsearch,0.8826457858085632,False,0.0,0.010557834059000015,0.5730822086334229,0.5588756799697876,0.5730403661727905,20000,128,False,1,0.00094901880947873
Gaussian_log_4642,100,mclmc:grid_edgeTrue,-29.033740997314453,-2.246401786804199,mclachlan,gridsearch,1.0,False,0.0,0.019157087430357933,0.25304996967315674,0.2524202764034271,0.2530497610569,20000,128,True,1,0.0
