model,dims,sampler,L,step_size,integrator,tuning,acc_rate,preconditioning,inv_L_prop,ess_avg,ess_corr_avg,ess_corr_min,ess_corr_inv_mean,num_steps,num_chains,worst,num_windows,ESS
Gaussian_linear_1.0,10,adjusted_mclmc:grid_edgeFalse,4.317600727081299,4.294897556304932,mclachlan,gridsearch,0.9535437822341919,False,0.0,0.3916305899620056,0.5384508371353149,0.48160672187805176,0.5373462438583374,1000,128,True,1,0.11407587677240372
Gaussian_linear_1.0,10,adjusted_mclmc:grid_edgeFalse,4.518458843231201,4.476892471313477,mclachlan,gridsearch,0.9464712738990784,False,0.0,0.43456172943115234,0.5846437215805054,0.49505436420440674,0.5832191705703735,1000,128,False,1,0.10816602408885956
Gaussian_linear_1.0,10,mclmc:grid_edgeFalse,1.8303638696670532,4.092258930206299,mclachlan,gridsearch,1.0,False,0.0,0.48543688654899597,0.6313222050666809,0.6027413010597229,0.6311165690422058,1000,128,True,1,0.12722645699977875
Gaussian_linear_1.0,10,adjusted_mclmc:grid_edgeFalse,5.000075340270996,4.888950824737549,omelyan,gridsearch,0.9921510219573975,False,0.0,0.21972480416297913,0.8964395523071289,0.811461865901947,0.895604133605957,1000,128,True,1,0.05998621881008148
Gaussian_linear_1.0,10,adjusted_mclmc:grid_edgeFalse,5.188313961029053,5.059458255767822,omelyan,gridsearch,0.9907584190368652,False,0.0,0.22162824869155884,0.9818031787872314,0.8893457651138306,0.9806687235832214,1000,128,False,1,0.05839306861162186
Gaussian_linear_1.0,10,mclmc:grid_edgeTrue,0.6789926886558533,4.832798004150391,omelyan,gridsearch,1.0,False,0.0,0.22727273404598236,0.845847487449646,0.7861286997795105,0.8450937867164612,1000,128,True,1,0.060790274292230606
Gaussian_linear_1.0,10,adjusted_mclmc:grid_edgeFalse,4.386672019958496,4.345576286315918,velocity_verlet,gridsearch,0.7505495548248291,False,0.0,0.8614189028739929,0.5504335165023804,0.5076234936714172,0.549645185470581,1000,128,True,1,0.2055252492427826
Gaussian_linear_1.0,10,adjusted_mclmc:grid_edgeFalse,3.9972140789031982,3.9927608966827393,velocity_verlet,gridsearch,0.799727737903595,False,0.0,0.8685964345932007,0.46415555477142334,0.4090275168418884,0.4633105397224426,1000,128,False,1,0.2162090688943863
Gaussian_linear_1.0,10,mclmc:grid_edgeTrue,-2.858883857727051,-1.8902994394302368,velocity_verlet,gridsearch,1.0,False,0.0,0.33898305892944336,0.2409471720457077,0.2322237640619278,0.240900456905365,1000,128,True,1,0.0
