model,dims,sampler,L,step_size,integrator,tuning,acc_rate,preconditioning,inv_L_prop,ess_avg,ess_corr_avg,ess_corr_min,ess_corr_inv_mean,num_steps,num_chains,worst,num_windows,ESS
Gaussian_outliers_10,100,mhmchmc:grid_edgeFalse,14.909378051757812,14.802389144897461,mclachlan,gridsearch,0.8312156200408936,False,0.0,0.268330842256546,0.49345117807388306,0.4652023911476135,0.493276447057724,20000,128,True,1,0.024062629789114
Gaussian_outliers_10,100,mhmchmc:grid_edgeFalse,14.225221633911133,14.181011199951172,mclachlan,gridsearch,0.8534198999404907,False,0.0,0.2694303095340729,0.48203322291374207,0.4652757942676544,0.4819391667842865,20000,128,False,1,0.024541903287172318
Gaussian_outliers_10,100,mclmc:grid_edgeFalse,9.928030014038086,12.926137924194336,mclachlan,gridsearch,1.0,False,0.0,0.38461539149284363,0.6335562467575073,0.6325206160545349,0.6335560083389282,20000,128,True,1,0.040816325694322586
