model,dims,sampler,L,step_size,integrator,tuning,acc_rate,preconditioning,inv_L_prop,ess_avg,ess_corr_avg,ess_corr_min,ess_corr_inv_mean,num_steps,num_chains,worst,num_windows,ESS
Gaussian_log_216,100,mhmchmc:grid_edgeFalse,19.14336585998535,5.0641608238220215,mclachlan,gridsearch,0.8965497016906738,False,0.0,0.03779124096035957,0.6797970533370972,0.6587644815444946,0.6797391772270203,20000,128,True,1,0.004550029058009386
Gaussian_log_216,100,mhmchmc:grid_edgeFalse,13.881319999694824,5.0641608238220215,mclachlan,gridsearch,0.9016432762145996,False,0.0,0.041836973279714584,0.6109822988510132,0.5895532369613647,0.6109157800674438,20000,128,False,1,0.004305149894207716
Gaussian_log_216,100,mclmc:grid_edgeFalse,24.561954498291016,4.513343334197998,mclachlan,gridsearch,1.0,False,0.0,0.06756756454706192,0.3219411373138428,0.3211700916290283,0.32194089889526367,20000,128,True,1,0.007942811585962772
