model,dims,sampler,L,step_size,integrator,tuning,acc_rate,preconditioning,inv_L_prop,ess_avg,ess_corr_avg,ess_corr_min,ess_corr_inv_mean,num_steps,num_chains,worst,num_windows,ESS
Gaussian_outliers_1669,100,mhmchmc:grid_edgeFalse,108.77381896972656,15.480783462524414,mclachlan,gridsearch,0.8496201038360596,False,0.0,0.017356202006340027,0.6554878950119019,0.6301397681236267,0.6553582549095154,20000,128,True,1,0.002060232451185584
Gaussian_outliers_1669,100,mhmchmc:grid_edgeFalse,12.973386764526367,11.459524154663086,mclachlan,gridsearch,0.9242112636566162,False,0.0,0.1588687300682068,0.4630051255226135,0.4530767500400543,0.46297720074653625,20000,128,False,1,0.0
Gaussian_outliers_1669,100,mclmc:grid_edgeFalse,118.20079040527344,17.02367401123047,mclachlan,gridsearch,1.0,False,0.0,0.0625782236456871,1.3217750787734985,1.3185850381851196,1.3217740058898926,20000,128,True,1,0.0038074932526797056
