model,dims,sampler,L,step_size,integrator,tuning,acc_rate,preconditioning,inv_L_prop,ess_avg,ess_corr_avg,ess_corr_min,ess_corr_inv_mean,num_steps,num_chains,worst,num_windows,ESS
Gaussian_log_1669,100,adjusted_mclmc:grid_edgeTrue,25.40039825439453,3.15850830078125,mclachlan,gridsearch,0.8825938701629639,False,0.0,0.015466265380382538,0.6245741844177246,0.6160660982131958,0.6245510578155518,40000,128,True,1,0.0016799347940832376
Gaussian_log_1669,100,adjusted_mclmc:grid_edgeTrue,39.818809509277344,2.6506237983703613,mclachlan,gridsearch,0.9361761808395386,False,0.8,0.010771379806101322,0.7919808626174927,0.7800872325897217,0.7919619083404541,40000,128,False,1,0.001307802158407867
Gaussian_log_1669,100,mclmc:grid_edgeTrue,39.17128372192383,2.682605504989624,mclachlan,gridsearch,1.0,False,0.0,0.025654181838035583,0.2466852068901062,0.24651023745536804,0.2466852217912674,100000,128,True,1,0.002761820564046502
