model,dims,sampler,L,step_size,integrator,tuning,acc_rate,preconditioning,inv_L_prop,ess_avg,ess_corr_avg,ess_corr_min,ess_corr_inv_mean,num_steps,num_chains,worst,num_windows,ESS
Gaussian_linear_1.0,9,mhmchmc:grid_edgeFalse,3.5981483459472656,3.5931105613708496,mclachlan,gridsearch,0.970515251159668,False,0.0,0.3618115782737732,0.41370314359664917,0.36626434326171875,0.4126550555229187,1000,128,True,1,0.10294844210147858
Gaussian_linear_1.0,9,mhmchmc:grid_edgeFalse,4.295204162597656,4.224387168884277,mclachlan,gridsearch,0.949674129486084,False,0.0,0.420304536819458,0.5900753736495972,0.5213536620140076,0.5885053277015686,1000,128,False,1,0.1133079007267952
Gaussian_linear_1.0,9,mclmc:grid_edgeFalse,2.811988353729248,3.7788867950439453,mclachlan,gridsearch,1.0,False,0.0,0.4587155878543854,0.615902304649353,0.5988480448722839,0.6158438920974731,1000,128,True,1,0.1262626200914383
Gaussian_linear_1.0,9,mhmchmc:grid_edgeFalse,4.227374076843262,4.171713352203369,omelyan,gridsearch,0.9950871467590332,False,0.0,0.21929629147052765,0.6655179262161255,0.5747432708740234,0.6645529270172119,1000,128,True,1,0.05787878483533859
Gaussian_linear_1.0,9,mhmchmc:grid_edgeFalse,4.943351745605469,4.820156574249268,omelyan,gridsearch,0.9902434349060059,False,0.0,0.23216156661510468,0.9849753379821777,0.9065337181091309,0.9838483929634094,1000,128,False,1,0.06436162441968918
Gaussian_linear_1.0,9,mclmc:grid_edgeFalse,2.911689281463623,5.209959030151367,omelyan,gridsearch,1.0,False,0.0,0.2298850566148758,1.3698755502700806,1.2571651935577393,1.3686456680297852,1000,128,True,1,0.06493506580591202
Gaussian_linear_1.0,9,mhmchmc:grid_edgeFalse,3.794252872467041,3.789625644683838,velocity_verlet,gridsearch,0.8090654015541077,False,0.0,0.7926828861236572,0.4722488224506378,0.40678536891937256,0.47129881381988525,1000,128,True,1,0.2528558075428009
Gaussian_linear_1.0,9,mhmchmc:grid_edgeFalse,4.162894248962402,4.123544216156006,velocity_verlet,gridsearch,0.7604634761810303,False,0.0,0.8689011931419373,0.5610052347183228,0.49303460121154785,0.5597922801971436,1000,128,False,1,0.22929337620735168
Gaussian_linear_1.0,9,mclmc:grid_edgeTrue,-2.8748042583465576,-1.7408363819122314,velocity_verlet,gridsearch,1.0,False,0.0,0.34364262223243713,0.23687458038330078,0.22605270147323608,0.2368251383304596,1000,128,True,1,0.0
