model,dims,sampler,L,step_size,integrator,tuning,acc_rate,preconditioning,inv_L_prop,ess_avg,ess_corr_avg,ess_corr_min,ess_corr_inv_mean,num_steps,num_chains,worst,num_windows,ESS
Gaussian_outliers_1669,100,adjusted_mclmc:grid_edgeFalse,104.18754577636719,15.932647705078125,mclachlan,gridsearch,0.8409247398376465,False,0.0,0.020554136484861374,0.6064206957817078,0.59027498960495,0.606310248374939,40000,10,True,1,0.0015620304038748145
Gaussian_outliers_1669,100,adjusted_mclmc:grid_edgeFalse,232.8877410888672,15.776715278625488,mclachlan,gridsearch,0.8485016822814941,False,0.8,0.008596937172114849,0.6480414271354675,0.6355346441268921,0.6479144096374512,40000,10,True,1,0.0010352057870477438
Gaussian_outliers_1669,100,mclmc:grid_edgeFalse,92.22293090820312,13.029912948608398,mclachlan,gridsearch,1.0,False,0.0,0.0628930851817131,0.6403467059135437,0.6401876211166382,0.6403467059135437,100000,10,True,1,0.0027679363265633583
