model,dims,sampler,L,step_size,integrator,tuning,acc_rate,preconditioning,inv_L_prop,ess_avg,ess_corr_avg,ess_corr_min,ess_corr_inv_mean,num_steps,num_chains,worst,num_windows,ESS
Gaussian_log_10,100,adjusted_mclmc:grid_edgeFalse,12.430137634277344,10.765690803527832,mclachlan,gridsearch,0.8499822020530701,False,0.0,0.16465701162815094,0.47387275099754333,0.45881786942481995,0.4738176465034485,40000,128,True,1,0.020640989765524864
Gaussian_log_10,100,adjusted_mclmc:grid_edgeTrue,0.48044872283935547,12.541271209716797,mclachlan,gridsearch,1.0,False,0.8,0.0,2.500125083315652e-05,2.500125083315652e-05,2.500125083315652e-05,40000,128,False,1,0.0
Gaussian_log_10,100,mclmc:grid_edgeTrue,11.151725769042969,9.9075927734375,mclachlan,gridsearch,1.0,False,0.0,0.2590673565864563,0.5626574754714966,0.5618080496788025,0.5626572966575623,100000,128,True,1,0.027322404086589813
