model,dims,sampler,L,step_size,integrator,tuning,acc_rate,preconditioning,inv_L_prop,ess_avg,ess_corr_avg,ess_corr_min,ess_corr_inv_mean,num_steps,num_chains,worst,num_windows,ESS
Gaussian_linear_1.0,7,mhmchmc:grid_edgeFalse,3.774852991104126,3.7237746715545654,mclachlan,gridsearch,0.9536348581314087,False,0.0,0.5480382442474365,0.5843129754066467,0.46679872274398804,0.5821800827980042,1000,128,True,1,0.11688019335269928
Gaussian_linear_1.0,7,mhmchmc:grid_edgeFalse,3.774852991104126,3.7237746715545654,mclachlan,gridsearch,0.9530764818191528,False,0.0,0.4144826829433441,0.5799328088760376,0.5063239336013794,0.5777141451835632,1000,128,False,1,0.14296649396419525
Gaussian_linear_1.0,7,mclmc:grid_edgeFalse,1.6630805730819702,3.616248846054077,mclachlan,gridsearch,1.0,False,0.0,0.5681818127632141,0.694966733455658,0.6429999470710754,0.6946275234222412,1000,128,True,1,0.1501501500606537
Gaussian_linear_1.0,7,mhmchmc:grid_edgeFalse,4.792340278625488,4.362298965454102,omelyan,gridsearch,0.9874730706214905,False,0.0,0.2000582218170166,1.1656596660614014,0.9894956350326538,1.1629363298416138,1000,128,True,1,0.06028244271874428
Gaussian_linear_1.0,7,mhmchmc:grid_edgeFalse,4.568324089050293,4.565337657928467,omelyan,gridsearch,0.9853793978691101,False,0.0,0.2271241545677185,1.1232953071594238,0.9804982542991638,1.1202329397201538,1000,128,False,1,0.0757080540060997
Gaussian_linear_1.0,7,mclmc:grid_edgeFalse,1.2156661748886108,4.442499160766602,omelyan,gridsearch,1.0,False,0.0,0.2380952388048172,1.1029157638549805,0.9940425157546997,1.1013603210449219,1000,128,True,1,0.07092198729515076
Gaussian_linear_1.0,7,mhmchmc:grid_edgeFalse,4.001808166503906,3.9347646236419678,velocity_verlet,gridsearch,0.7322604656219482,False,0.0,0.9454295039176941,0.6818987727165222,0.5851575136184692,0.6805272698402405,1000,128,True,1,0.2891901731491089
Gaussian_linear_1.0,7,mhmchmc:grid_edgeFalse,4.001808166503906,3.9347646236419678,velocity_verlet,gridsearch,0.7301963567733765,False,0.0,0.8193721771240234,0.6783281564712524,0.6054519414901733,0.6770141124725342,1000,128,False,1,0.28173255920410156
Gaussian_linear_1.0,7,mclmc:grid_edgeFalse,4.038483619689941,1.4669712781906128,velocity_verlet,gridsearch,1.0,False,0.0,0.33557048439979553,0.24471697211265564,0.23907163739204407,0.244684100151062,1000,128,True,1,0.0
