model,dims,sampler,L,step_size,integrator,tuning,acc_rate,preconditioning,inv_L_prop,ess_avg,ess_corr_avg,ess_corr_min,ess_corr_inv_mean,num_steps,num_chains,worst,num_windows,ESS
Gaussian_log_1669,100,mhmchmc:grid_edgeFalse,25.053417205810547,3.172837257385254,mclachlan,gridsearch,0.8801856637001038,False,0.0,0.015184999443590641,0.6197367906570435,0.6062552332878113,0.6196867823600769,20000,128,True,1,0.0016733998199924827
Gaussian_log_1669,100,mhmchmc:grid_edgeFalse,16.768943786621094,3.172837257385254,mclachlan,gridsearch,0.8898401260375977,False,0.0,0.017076635733246803,0.5630848407745361,0.5485711693763733,0.5630360841751099,20000,128,False,1,0.0012961304746568203
Gaussian_log_1669,100,mclmc:grid_edgeFalse,37.51441192626953,2.7824535369873047,mclachlan,gridsearch,1.0,False,0.0,0.02682403475046158,0.26730620861053467,0.26685357093811035,0.2673060894012451,20000,128,True,1,0.002796107903122902
