model,dims,sampler,L,step_size,integrator,tuning,acc_rate,preconditioning,inv_L_prop,ess_avg,ess_corr_avg,ess_corr_min,ess_corr_inv_mean,num_steps,num_chains,worst,num_windows,ESS
Gaussian_log_10,100,mhmchmc:grid_edgeFalse,12.887980461120605,11.002289772033691,mclachlan,gridsearch,0.83612459897995,False,0.0,0.15299034118652344,0.4821630120277405,0.4602234661579132,0.4820179343223572,20000,128,True,1,0.019081048667430878
Gaussian_log_10,100,mhmchmc:grid_edgeFalse,10.068429946899414,9.802035331726074,mclachlan,gridsearch,0.8967157006263733,False,0.0,0.16670233011245728,0.3478182852268219,0.3369017541408539,0.3477856516838074,20000,128,False,1,0.017378466203808784
Gaussian_log_10,100,mclmc:grid_edgeFalse,10.632043838500977,9.695223808288574,mclachlan,gridsearch,1.0,False,0.0,0.2604166567325592,0.5318561792373657,0.5302501320838928,0.5318552851676941,20000,128,True,1,0.03021148033440113
