model,dims,sampler,L,step_size,integrator,tuning,acc_rate,preconditioning,inv_L_prop,ess_avg,ess_corr_avg,ess_corr_min,ess_corr_inv_mean,num_steps,num_chains,worst,num_windows,ESS
Gaussian_outliers_100000,100,mhmchmc:grid_edgeTrue,480.3770751953125,18.013675689697266,mclachlan,gridsearch,0.7713158130645752,False,0.0,0.003140622517094016,0.4988739788532257,0.4528394341468811,0.49836161732673645,20000,128,True,1,0.00018770161841530353
Gaussian_outliers_100000,100,mhmchmc:grid_edgeFalse,14.750818252563477,14.62059497833252,mclachlan,gridsearch,0.8381685018539429,False,0.0,0.1635597050189972,0.49286386370658875,0.4733161926269531,0.4926944673061371,20000,128,False,1,0.0
Gaussian_outliers_100000,100,mclmc:grid_edgeTrue,0.24897818267345428,0.31191039085388184,mclachlan,gridsearch,1.0,False,0.0,0.0,0.00016785461048129946,0.00015903155144769698,0.00016770686488598585,20000,128,True,1,0.0
