model,dims,sampler,L,step_size,integrator,tuning,acc_rate,preconditioning,inv_L_prop,ess_avg,ess_corr_avg,ess_corr_min,ess_corr_inv_mean,num_steps,num_chains,worst,num_windows,ESS
Gaussian_log_12916,100,mhmchmc:grid_edgeFalse,43.92314910888672,1.7618075609207153,mclachlan,gridsearch,0.8980362415313721,False,0.0,0.005291706882417202,0.6714778542518616,0.6592923998832703,0.6714409589767456,20000,128,True,1,0.0006207232945598662
Gaussian_log_12916,100,mhmchmc:grid_edgeFalse,23.243282318115234,1.984923005104065,mclachlan,gridsearch,0.8634347915649414,False,0.0,0.0066199772991240025,0.5312384963035583,0.5170612335205078,0.5311819911003113,20000,128,False,1,0.00045535730896517634
Gaussian_log_12916,100,mclmc:grid_edgeTrue,-32.68927001953125,-1.6762014627456665,mclachlan,gridsearch,1.0,False,0.0,0.011828720569610596,0.21864598989486694,0.21817618608474731,0.2186458855867386,20000,128,True,1,0.0
