model,dims,sampler,L,step_size,integrator,tuning,acc_rate,preconditioning,inv_L_prop,ess_avg,ess_corr_avg,ess_corr_min,ess_corr_inv_mean,num_steps,num_chains,worst,num_windows,ESS
Gaussian_linear_1.0,6,mhmchmc:grid_edgeFalse,3.1200685501098633,3.113950490951538,mclachlan,gridsearch,0.9678617715835571,False,0.0,0.4057070016860962,0.46063685417175293,0.3926401138305664,0.45887526869773865,1000,128,True,1,0.1450638324022293
Gaussian_linear_1.0,6,mhmchmc:grid_edgeFalse,3.569310188293457,3.5205483436584473,mclachlan,gridsearch,0.9519098997116089,False,0.0,0.49316924810409546,0.6016435623168945,0.4913308918476105,0.5993769764900208,1000,128,False,1,0.12910190224647522
Gaussian_linear_1.0,6,mclmc:grid_edgeFalse,2.5899178981781006,2.8886325359344482,mclachlan,gridsearch,1.0,False,0.0,0.48076921701431274,0.5616247653961182,0.5476769804954529,0.5615671277046204,1000,128,True,1,0.14792899787425995
Gaussian_linear_1.0,6,mhmchmc:grid_edgeFalse,4.0984086990356445,3.9941470623016357,omelyan,gridsearch,0.9877514839172363,False,0.0,0.2707112431526184,0.9778740406036377,0.8734196424484253,0.9753549098968506,1000,128,True,1,0.07923255860805511
Gaussian_linear_1.0,6,mhmchmc:grid_edgeFalse,4.392628192901611,4.260403156280518,omelyan,gridsearch,0.9836701154708862,False,0.0,0.2586395740509033,1.1669752597808838,0.9883254170417786,1.1629952192306519,1000,128,False,1,0.07460757344961166
Gaussian_linear_1.0,6,mclmc:grid_edgeFalse,1.0099544525146484,4.213371276855469,omelyan,gridsearch,1.0,False,0.0,0.2380952388048172,1.1503628492355347,0.9496702551841736,1.147928237915039,1000,128,True,1,0.08888889104127884
Gaussian_linear_1.0,6,mhmchmc:grid_edgeFalse,3.3307857513427734,3.2841758728027344,velocity_verlet,gridsearch,0.806430995464325,False,0.0,1.13334059715271,0.572617769241333,0.470008909702301,0.5711708664894104,1000,128,True,1,0.3090929090976715
Gaussian_linear_1.0,6,mhmchmc:grid_edgeFalse,3.7482237815856934,3.661829948425293,velocity_verlet,gridsearch,0.7433396577835083,False,0.0,0.9868189096450806,0.7159994840621948,0.6401791572570801,0.7145565152168274,1000,128,False,1,0.34891098737716675
Gaussian_linear_1.0,6,mclmc:grid_edgeFalse,3.8454806804656982,1.4234421253204346,velocity_verlet,gridsearch,1.0,False,0.0,0.35087719559669495,0.2586023211479187,0.25051990151405334,0.25854721665382385,1000,128,True,1,0.1095290258526802
