model,dims,sampler,L,step_size,integrator,tuning,acc_rate,preconditioning,inv_L_prop,ess_avg,ess_corr_avg,ess_corr_min,ess_corr_inv_mean,num_steps,num_chains,worst,num_windows,ESS
Gaussian_linear_1.0,6,adjusted_mclmc:grid_edgeFalse,3.6661949157714844,3.6037681102752686,mclachlan,gridsearch,0.9480949640274048,False,0.0,0.39958223700523376,0.6305223703384399,0.5334282517433167,0.6281071901321411,1000,128,True,1,0.13071440160274506
Gaussian_linear_1.0,6,adjusted_mclmc:grid_edgeFalse,3.371199607849121,3.336805820465088,mclachlan,gridsearch,0.959998607635498,False,0.0,0.4124157130718231,0.5385565757751465,0.4500751197338104,0.5362924933433533,1000,128,False,1,0.14303435385227203
Gaussian_linear_1.0,6,mclmc:grid_edgeFalse,2.866234540939331,3.0572733879089355,mclachlan,gridsearch,1.0,False,0.0,0.5617977380752563,0.6037074327468872,0.5922710299491882,0.6036322712898254,1000,128,True,1,0.15197569131851196
Gaussian_linear_1.0,6,adjusted_mclmc:grid_edgeFalse,3.6565518379211426,3.6065425872802734,omelyan,gridsearch,0.9923467636108398,False,0.0,0.20985601842403412,0.7511211633682251,0.663101315498352,0.7496464252471924,1000,128,True,1,0.07279139012098312
Gaussian_linear_1.0,6,adjusted_mclmc:grid_edgeFalse,4.271049976348877,4.162713050842285,omelyan,gridsearch,0.985248327255249,False,0.0,0.21187707781791687,1.094481348991394,0.9415474534034729,1.0910768508911133,1000,128,False,1,0.07328079640865326
Gaussian_linear_1.0,6,mclmc:grid_edgeFalse,1.6832165718078613,3.641730785369873,omelyan,gridsearch,1.0,False,0.0,0.27397260069847107,0.8225385546684265,0.7702479362487793,0.8221299052238464,1000,128,True,1,0.07575757801532745
Gaussian_linear_1.0,6,adjusted_mclmc:grid_edgeFalse,3.2452449798583984,3.239276170730591,velocity_verlet,gridsearch,0.8135673403739929,False,0.0,0.899243950843811,0.5448139309883118,0.5040580034255981,0.543790340423584,1000,128,True,1,0.32726579904556274
Gaussian_linear_1.0,6,adjusted_mclmc:grid_edgeFalse,3.5575778484344482,3.5219995975494385,velocity_verlet,gridsearch,0.7692017555236816,False,0.0,0.9899992942810059,0.6490342617034912,0.5618507266044617,0.6473545432090759,1000,128,False,1,0.31629371643066406
Gaussian_linear_1.0,6,mclmc:grid_edgeFalse,2.477323532104492,1.5280205011367798,velocity_verlet,gridsearch,1.0,False,0.0,0.36231884360313416,0.25759124755859375,0.24258068203926086,0.25750961899757385,1000,128,True,1,0.10050251334905624
