model,dims,sampler,L,step_size,integrator,tuning,acc_rate,preconditioning,inv_L_prop,ess_avg,ess_corr_avg,ess_corr_min,ess_corr_inv_mean,num_steps,num_chains,worst,num_windows,ESS
Gaussian_linear_1.0,5,adjusted_mclmc:grid_edgeFalse,3.316176176071167,3.2697672843933105,mclachlan,gridsearch,0.9510026574134827,False,0.0,0.4250023066997528,0.6157665252685547,0.5004693865776062,0.612750768661499,1000,128,True,1,0.14005757868289948
Gaussian_linear_1.0,5,adjusted_mclmc:grid_edgeFalse,2.900686025619507,2.8938775062561035,mclachlan,gridsearch,0.9674360156059265,False,0.0,0.4337621033191681,0.47261887788772583,0.39626920223236084,0.4706275165081024,1000,128,False,1,0.14890341460704803
Gaussian_linear_1.0,5,mclmc:grid_edgeFalse,2.790278911590576,2.844019651412964,mclachlan,gridsearch,1.0,False,0.0,0.5494505763053894,0.6170556545257568,0.6002867817878723,0.6169397830963135,1000,128,True,1,0.18315018713474274
Gaussian_linear_1.0,5,adjusted_mclmc:grid_edgeFalse,3.4740548133850098,3.403179883956909,omelyan,gridsearch,0.990166187286377,False,0.0,0.22013454139232635,0.8068318963050842,0.6769732236862183,0.8049237728118896,1000,128,True,1,0.07022213190793991
Gaussian_linear_1.0,5,adjusted_mclmc:grid_edgeFalse,3.206784963607788,3.1614303588867188,omelyan,gridsearch,0.9930129051208496,False,0.0,0.2240583300590515,0.668713390827179,0.5651964545249939,0.6664385795593262,1000,128,False,1,0.08114046603441238
Gaussian_linear_1.0,5,mclmc:grid_edgeTrue,0.5734559297561646,3.395008087158203,omelyan,gridsearch,1.0,False,0.0,0.25641027092933655,0.7943205833435059,0.7134082317352295,0.7928163409233093,1000,128,True,1,0.0917431190609932
Gaussian_linear_1.0,5,adjusted_mclmc:grid_edgeFalse,3.1219396591186523,3.0892605781555176,velocity_verlet,gridsearch,0.80333411693573,False,0.0,0.9797351360321045,0.6194347143173218,0.5471540093421936,0.618292510509491,1000,128,True,1,0.3276597559452057
Gaussian_linear_1.0,5,adjusted_mclmc:grid_edgeFalse,3.6655564308166504,3.581049680709839,velocity_verlet,gridsearch,0.7118009924888611,False,0.0,0.9393709301948547,0.824652373790741,0.7096260786056519,0.8225806951522827,1000,128,False,1,0.32456669211387634
Gaussian_linear_1.0,5,mclmc:grid_edgeFalse,2.615133285522461,1.3645693063735962,velocity_verlet,gridsearch,1.0,False,0.0,0.395256906747818,0.25824928283691406,0.24624957144260406,0.2581731677055359,1000,128,True,1,0.0
