model,dims,sampler,L,step_size,integrator,tuning,acc_rate,preconditioning,inv_L_prop,ess_avg,ess_corr_avg,ess_corr_min,ess_corr_inv_mean,num_steps,num_chains,worst,num_windows,ESS
Gaussian_log_78,100,adjusted_mclmc:grid_edgeFalse,15.752410888671875,7.28376579284668,mclachlan,gridsearch,0.8163658380508423,False,0.0,0.06005072221159935,0.5590118169784546,0.5349915027618408,0.5589191913604736,40000,128,True,1,0.006978426594287157
Gaussian_log_78,100,adjusted_mclmc:grid_edgeTrue,16.422975540161133,7.28376579284668,mclachlan,gridsearch,0.8156432509422302,False,0.8,0.0586654432117939,0.5651281476020813,0.5502387285232544,0.5650443434715271,40000,128,False,1,0.006880402099341154
Gaussian_log_78,100,mclmc:grid_edgeTrue,18.57826805114746,5.72933292388916,mclachlan,gridsearch,1.0,False,0.0,0.10482180118560791,0.3595411777496338,0.3591723144054413,0.359541118144989,100000,128,True,1,0.01075500063598156
