model,dims,sampler,L,step_size,integrator,tuning,acc_rate,preconditioning,inv_L_prop,ess_avg,ess_corr_avg,ess_corr_min,ess_corr_inv_mean,num_steps,num_chains,worst,num_windows,ESS
Gaussian_linear_1.0,4,mhmchmc:grid_edgeFalse,2.954948902130127,2.9124581813812256,mclachlan,gridsearch,0.953001081943512,False,0.0,0.5866788625717163,0.5931724309921265,0.49586182832717896,0.5901985168457031,1000,128,True,1,0.22299104928970337
Gaussian_linear_1.0,4,mhmchmc:grid_edgeFalse,2.8325066566467285,2.801745653152466,mclachlan,gridsearch,0.9588284492492676,False,0.0,0.3775343596935272,0.5522239208221436,0.45375436544418335,0.5494939684867859,1000,128,False,1,0.19243969023227692
Gaussian_linear_1.0,4,mclmc:grid_edgeTrue,8.237226486206055,4.598608493804932,mclachlan,gridsearch,1.0,False,0.0,0.4545454680919647,2.6290981769561768,2.2073662281036377,2.6173081398010254,1000,128,True,1,0.17605634033679962
Gaussian_linear_1.0,4,mhmchmc:grid_edgeFalse,3.2692320346832275,3.1834161281585693,omelyan,gridsearch,0.9860933423042297,False,0.0,0.28224653005599976,0.8735901117324829,0.7192505598068237,0.8701304197311401,1000,128,True,1,0.10038664191961288
Gaussian_linear_1.0,4,mhmchmc:grid_edgeFalse,3.0375919342041016,2.9740536212921143,omelyan,gridsearch,0.9895674586296082,False,0.0,0.24174880981445312,0.7367079257965088,0.6420743465423584,0.7341920137405396,1000,128,False,1,0.10093636065721512
Gaussian_linear_1.0,4,mclmc:grid_edgeFalse,1.9016300439834595,3.1387994289398193,omelyan,gridsearch,1.0,False,0.0,0.2777777910232544,0.9074538350105286,0.8488989472389221,0.9066822528839111,1000,128,True,1,0.11173184216022491
Gaussian_linear_1.0,4,mhmchmc:grid_edgeFalse,3.244062662124634,3.1589889526367188,velocity_verlet,gridsearch,0.7377059459686279,False,0.0,1.0700830221176147,0.8449012041091919,0.7365310192108154,0.8433424234390259,1000,128,True,1,0.5379975438117981
Gaussian_linear_1.0,4,mhmchmc:grid_edgeFalse,3.014322280883789,2.951340675354004,velocity_verlet,gridsearch,0.7815271615982056,False,0.0,1.1518892049789429,0.7351974248886108,0.6460937261581421,0.733189582824707,1000,128,False,1,0.4371008276939392
Gaussian_linear_1.0,4,mclmc:grid_edgeFalse,2.2976772785186768,1.1723902225494385,velocity_verlet,gridsearch,1.0,False,0.0,0.3968254029750824,0.24686917662620544,0.23625484108924866,0.24677492678165436,1000,128,True,1,0.12254901975393295
