model,dims,sampler,L,step_size,integrator,tuning,acc_rate,preconditioning,inv_L_prop,ess_avg,ess_corr_avg,ess_corr_min,ess_corr_inv_mean,num_steps,num_chains,worst,num_windows,ESS
Gaussian_outliers_216,100,mclmc:st3,21.07964324951172,12.274599075317383,mclachlan,standard,1.0,False,0.0,0.1984127014875412,inf,inf,inf,20000,128,False,1,0.005755727179348469
Gaussian_outliers_216,100,mclmc:st2,21.563434600830078,12.274599075317383,mclachlan,standard,1.0,False,0.0,0.197628453373909,inf,inf,inf,20000,128,False,1,0.005755727179348469
Gaussian_outliers_216,100,adjusted_mclmc:0.9,132.5836944580078,13.16910457611084,mclachlan,standard,0.9049675464630127,False,0.0,0.015132183209061623,0.8103126883506775,0.7121961712837219,0.8080378770828247,20000,128,True,1,0.00192901527043432
Gaussian_outliers_216,100,adjusted_mclmc:0.9,149.23214721679688,13.145423889160156,mclachlan,standard,0.9052770137786865,False,0.0,0.013419360853731632,0.8254976272583008,0.7516087293624878,0.8245943188667297,20000,128,True,2,0.0017113336361944675
Gaussian_outliers_216,100,adjusted_mclmc:0.9,22.884851455688477,12.41457748413086,mclachlan,standard,0.9056662321090698,False,0.0,0.07388967275619507,1.3665997982025146,1.2104398012161255,1.362170934677124,20000,128,False,1,0.003093134379014373
Gaussian_outliers_216,100,adjusted_mclmc:0.9,21.71885108947754,12.385319709777832,mclachlan,standard,0.9038904905319214,False,0.0,0.07992398738861084,1.2502728700637817,0.86455237865448,1.2364643812179565,20000,128,False,2,0.002312600379809737
Gaussian_outliers_216,100,nuts,0.0,0.0,velocity_verlet,standard,0.8055742979049683,False,0.0,0.040782663971185684,inf,inf,inf,20000,128,,-1,0.0016224065329879522
Gaussian_outliers_216,100,nuts,0.0,0.0,mclachlan,standard,0.815942645072937,False,0.0,0.039934419095516205,inf,inf,inf,20000,128,,-1,0.0037040619645267725
