model,dims,sampler,L,step_size,integrator,tuning,acc_rate,preconditioning,inv_L_prop,ess_avg,ess_corr_avg,ess_corr_min,ess_corr_inv_mean,num_steps,num_chains,worst,num_windows,ESS
Gaussian_outliers_600,100,mclmc:fast_gridFalse,76.75521087646484,14.011116027832031,mclachlan,gridsearch,1.0,False,0.0,0.08756567537784576,0.0,0.0,0.0,100000,128,True,1,0.0075221904553473
Gaussian_outliers_600,100,adjusted_mclmc:fast_gridFalse,79.04670715332031,13.825021743774414,mclachlan,gridsearch,0.8915521502494812,False,0.0,0.022773029282689095,0.0,0.0,0.0,40000,128,True,1,0.003156983060762286
Gaussian_outliers_600,100,mclmc:st3,35.572811126708984,12.22076416015625,mclachlan,standard,1.0,False,0.0,0.12953367829322815,0.5827354192733765,0.5323319435119629,0.5819825530052185,100000,128,False,1,0.002941868733614683
Gaussian_outliers_600,100,mclmc:st3,35.25069808959961,12.26955795288086,mclachlan,standard,1.0,False,0.0,0.125,0.5863728523254395,0.5188067555427551,0.5852298736572266,100000,128,False,2,0.0025477707386016846
Gaussian_outliers_600,100,adjusted_mclmc:0.91.3,241.66192626953125,13.263785362243652,mclachlan,standard,0.9041486978530884,False,0.0,0.008045344613492489,0.7911838293075562,0.7332301735877991,0.7905831336975098,40000,128,True,2,0.0011197805870324373
Gaussian_outliers_600,100,adjusted_mclmc:0.91.3,46.154144287109375,13.19892692565918,mclachlan,standard,0.9000036716461182,False,0.0,0.043200138956308365,0.7719676494598389,0.6961013078689575,0.7690648436546326,40000,128,False,2,0.0027226286474615335
Gaussian_outliers_600,100,adjusted_mclmc:0.91.3,233.59217834472656,12.981748580932617,mclachlan,standard,0.9039556980133057,False,0.8,0.011900357902050018,0.6002036333084106,0.16388799250125885,0.28814294934272766,40000,128,True,2,0.001510230707935989
Gaussian_outliers_600,100,adjusted_mclmc:0.91.3,46.135475158691406,13.392772674560547,mclachlan,standard,0.9009110927581787,False,0.8,0.06236505135893822,0.45255380868911743,0.1652793437242508,0.3734431266784668,40000,128,False,2,0.0019494331208989024
Gaussian_outliers_600,100,nuts,0.0,0.0,velocity_verlet,standard,0.8056782484054565,False,0.0,0.034054744988679886,1.7745033502578735,1.5903024673461914,1.7711310386657715,40000,128,,-1,0.0005146039766259491
