model,dims,sampler,L,step_size,integrator,tuning,acc_rate,preconditioning,inv_L_prop,ess_avg,ess_corr_avg,ess_corr_min,ess_corr_inv_mean,num_steps,num_chains,worst,num_windows,ESS
Gaussian_outliers_100000,100,mclmc:fast_gridFalse,0.0,0.0,mclachlan,gridsearch,1.0,False,0.0,0.0,0.0,0.0,0.0,100000,128,True,1,0.0
Gaussian_outliers_100000,100,adjusted_mclmc:fast_gridFalse,731.8829345703125,13.61174201965332,mclachlan,gridsearch,0.900905966758728,False,0.0,0.0024028748739510775,0.0,0.0,0.0,40000,128,True,1,0.00024555387790314853
Gaussian_outliers_100000,100,mclmc:st3,0.17802904546260834,8.392984454985708e-05,mclachlan,standard,1.0,False,0.0,0.0,2.226571798324585,1.2796181181329302e-05,3.0022612918401137e-05,100000,128,False,1,0.0
Gaussian_outliers_100000,100,mclmc:st3,0.07857933640480042,4.463283403310925e-05,mclachlan,standard,1.0,False,0.0,0.0,3.7500040531158447,1.4485119208984543e-05,6.908598879817873e-05,100000,128,False,2,0.0
Gaussian_outliers_100000,100,adjusted_mclmc:0.91.3,267.8670959472656,13.44471263885498,mclachlan,standard,0.9030650854110718,False,0.0,0.005213901400566101,0.7710760831832886,0.710076093673706,0.770267128944397,40000,128,True,2,9.762492845766246e-05
Gaussian_outliers_100000,100,adjusted_mclmc:0.91.3,269.67547607421875,13.395833969116211,mclachlan,standard,0.9040954113006592,False,0.0,0.005282443016767502,0.772802472114563,0.716185986995697,0.7721350789070129,40000,128,False,2,7.775353878969327e-05
Gaussian_outliers_100000,100,adjusted_mclmc:0.91.3,261.26226806640625,13.193180084228516,mclachlan,standard,0.902308464050293,False,0.8,0.007344458252191544,1.1082260608673096,0.1648416668176651,0.5072572231292725,40000,128,True,2,0.0
Gaussian_outliers_100000,100,adjusted_mclmc:0.91.3,254.5378875732422,12.997615814208984,mclachlan,standard,0.9028031826019287,False,0.8,0.007045165169984102,1.0665203332901,0.1645706295967102,0.5559355616569519,40000,128,False,2,0.0
Gaussian_outliers_100000,100,nuts,0.0,0.0,velocity_verlet,standard,0.8073170185089111,False,0.0,0.02122529037296772,1.7615299224853516,1.6011874675750732,1.7588374614715576,40000,128,,-1,0.0
