model,dims,sampler,L,step_size,integrator,tuning,acc_rate,preconditioning,inv_L_prop,ess_avg,ess_corr_avg,ess_corr_min,ess_corr_inv_mean,num_steps,num_chains,worst,num_windows,ESS
Gaussian_outliers_35939,100,mclmc:st3,1.7383774518966675,0.006475605070590973,mclachlan,standard,1.0,False,0.0,0.0,inf,inf,inf,20000,128,False,1,0.0
Gaussian_outliers_35939,100,mclmc:st2,,0.006475605070590973,mclachlan,standard,1.0,False,0.0,0.0,inf,inf,inf,20000,128,False,1,0.0
Gaussian_outliers_35939,100,adjusted_mclmc:0.9,132.48117065429688,13.293776512145996,mclachlan,standard,0.9050308465957642,False,0.0,0.009443104267120361,0.7996536493301392,0.7118709087371826,0.7971617579460144,20000,128,True,1,0.0
Gaussian_outliers_35939,100,adjusted_mclmc:0.9,273.77081298828125,13.336642265319824,mclachlan,standard,0.9051962494850159,False,0.0,0.005712601356208324,0.7785845994949341,0.7246533036231995,0.7777577638626099,20000,128,True,2,0.00023350297124125063
Gaussian_outliers_35939,100,adjusted_mclmc:0.9,126.74827575683594,13.3335542678833,mclachlan,standard,0.9037147760391235,False,0.0,0.010232316330075264,0.8034194707870483,0.665322482585907,0.8009874224662781,20000,128,False,1,0.0
Gaussian_outliers_35939,100,adjusted_mclmc:0.9,193.36505126953125,13.270293235778809,mclachlan,standard,0.9061729907989502,False,0.0,0.00795134250074625,0.791272759437561,0.7148941159248352,0.7898452281951904,20000,128,False,2,0.0
Gaussian_outliers_35939,100,nuts,0.0,0.0,velocity_verlet,standard,0.8057506084442139,False,0.0,0.019887279719114304,inf,inf,inf,20000,128,,-1,0.0
Gaussian_outliers_35939,100,nuts,0.0,0.0,mclachlan,standard,0.8144528865814209,False,0.0,0.016657376661896706,inf,inf,inf,20000,128,,-1,0.0
