model,dims,sampler,L,step_size,integrator,tuning,acc_rate,preconditioning,inv_L_prop,ess_avg,ess_corr_avg,ess_corr_min,ess_corr_inv_mean,num_steps,num_chains,worst,num_windows,ESS
Gaussian_log_28,100,mclmc:st3,11.648658752441406,7.678389072418213,mclachlan,standard,1.0,False,0.0,0.16722407937049866,inf,inf,inf,20000,128,False,1,0.016795432195067406
Gaussian_log_28,100,mclmc:st2,12.346824645996094,7.678389072418213,mclachlan,standard,1.0,False,0.0,0.16722407937049866,inf,inf,inf,20000,128,False,1,0.017337031662464142
Gaussian_log_28,100,adjusted_mclmc:0.9,23.2287654876709,7.658537864685059,mclachlan,standard,0.9108489751815796,False,0.0,0.057030919939279556,0.8974777460098267,0.855690598487854,0.897243320941925,20000,128,True,1,0.007299351971596479
Gaussian_log_28,100,adjusted_mclmc:0.9,23.285982131958008,7.679388046264648,mclachlan,standard,0.9099066853523254,False,0.0,0.05744398757815361,0.897856593132019,0.8655847907066345,0.897641122341156,20000,128,True,2,0.007269146386533976
Gaussian_log_28,100,adjusted_mclmc:0.9,12.426143646240234,7.801207542419434,mclachlan,standard,0.9131314158439636,False,0.0,0.10157549381256104,0.704873263835907,0.6757352948188782,0.7047269344329834,20000,128,False,1,0.01244521327316761
Gaussian_log_28,100,adjusted_mclmc:0.9,12.403542518615723,7.81854248046875,mclachlan,standard,0.9124417901039124,False,0.0,0.10165468603372574,0.7041083574295044,0.6758878231048584,0.7039209604263306,20000,128,False,2,0.01110784336924553
Gaussian_log_28,100,nuts,0.0,0.0,velocity_verlet,standard,0.8053685426712036,False,0.0,0.025971179828047752,inf,inf,inf,20000,128,,-1,0.0034423007164150476
Gaussian_log_28,100,nuts,0.0,0.0,mclachlan,standard,0.8262914419174194,False,0.0,0.02438853308558464,inf,inf,inf,20000,128,,-1,0.003167482325807214
