model,dims,sampler,L,step_size,integrator,tuning,acc_rate,preconditioning,inv_L_prop,ess_avg,ess_corr_avg,ess_corr_min,ess_corr_inv_mean,num_steps,num_chains,worst,num_windows,ESS
Gaussian_log_600,100,mclmc:st3,19.241802215576172,3.82452392578125,mclachlan,standard,1.0,False,0.0,0.04940711334347725,inf,inf,inf,20000,128,False,1,0.0034125035163015127
Gaussian_log_600,100,mclmc:st2,19.403289794921875,3.82452392578125,mclachlan,standard,1.0,False,0.0,0.04916420951485634,inf,inf,inf,20000,128,False,1,0.0034480381291359663
Gaussian_log_600,100,adjusted_mclmc:0.9,38.50726318359375,3.715294361114502,mclachlan,standard,0.907363772392273,False,0.0,0.014787769876420498,0.7808217406272888,0.7128474116325378,0.7803789377212524,20000,128,True,1,0.0019920715130865574
Gaussian_log_600,100,adjusted_mclmc:0.9,49.94429016113281,3.656172513961792,mclachlan,standard,0.9059792160987854,False,0.0,0.010923907160758972,0.8210071325302124,0.7872982621192932,0.8208298683166504,20000,128,True,2,0.0015434455126523972
Gaussian_log_600,100,adjusted_mclmc:0.9,19.697338104248047,3.818530797958374,mclachlan,standard,0.9130575656890869,False,0.0,0.024660497903823853,0.6634811162948608,0.6418772339820862,0.6633747220039368,20000,128,False,1,0.002882681554183364
Gaussian_log_600,100,adjusted_mclmc:0.9,19.720623016357422,3.828854560852051,mclachlan,standard,0.9119516611099243,False,0.0,0.02508113533258438,0.6621015071868896,0.6394718885421753,0.6619864106178284,20000,128,False,2,0.002728816354647279
Gaussian_log_600,100,nuts,0.0,0.0,velocity_verlet,standard,0.8051794767379761,False,0.0,0.005829540081322193,inf,inf,inf,20000,128,,-1,0.0007921054493635893
Gaussian_log_600,100,nuts,0.0,0.0,mclachlan,standard,0.8353782892227173,False,0.0,0.005741465371102095,inf,inf,inf,20000,128,,-1,0.0007302300655283034
