model,dims,sampler,L,step_size,integrator,tuning,acc_rate,preconditioning,inv_L_prop,ess_avg,ess_corr_avg,ess_corr_min,ess_corr_inv_mean,num_steps,num_chains,worst,num_windows,ESS
Gaussian_outliers_78,100,mclmc:st3,15.100235939025879,12.274110794067383,mclachlan,standard,1.0,False,0.0,0.26178011298179626,inf,inf,inf,20000,128,False,1,0.011625203303992748
Gaussian_outliers_78,100,mclmc:st2,15.58919906616211,12.274110794067383,mclachlan,standard,1.0,False,0.0,0.27173912525177,inf,inf,inf,20000,128,False,1,0.013213531114161015
Gaussian_outliers_78,100,adjusted_mclmc:0.9,89.07768249511719,13.127188682556152,mclachlan,standard,0.9040049314498901,False,0.0,0.023304007947444916,0.8801573514938354,0.784808874130249,0.879136323928833,20000,128,True,1,0.003170067211613059
Gaussian_outliers_78,100,adjusted_mclmc:0.9,89.37908935546875,13.110601425170898,mclachlan,standard,0.9042990207672119,False,0.0,0.022840013727545738,0.8856607675552368,0.8097967505455017,0.8849058151245117,20000,128,True,2,0.0029876299668103456
Gaussian_outliers_78,100,adjusted_mclmc:0.9,15.900585174560547,12.138114929199219,mclachlan,standard,0.905106782913208,False,0.0,0.14339403808116913,0.7057818174362183,0.6022096276283264,0.7040290832519531,20000,128,False,1,0.0048288158141076565
Gaussian_outliers_78,100,adjusted_mclmc:0.9,15.429584503173828,12.274664878845215,mclachlan,standard,0.9032766819000244,False,0.0,0.16766704618930817,0.6547805666923523,0.4937269985675812,0.6465054154396057,20000,128,False,2,0.004061436280608177
Gaussian_outliers_78,100,nuts,0.0,0.0,velocity_verlet,standard,0.8054375648498535,False,0.0,0.04650549590587616,inf,inf,inf,20000,128,,-1,0.003890241729095578
Gaussian_outliers_78,100,nuts,0.0,0.0,mclachlan,standard,0.8166520595550537,False,0.0,0.04343752935528755,inf,inf,inf,20000,128,,-1,0.005344225559383631
