model,dims,sampler,L,step_size,integrator,tuning,acc_rate,preconditioning,inv_L_prop,ess_avg,ess_corr_avg,ess_corr_min,ess_corr_inv_mean,num_steps,num_chains,worst,num_windows,ESS
Gaussian_outliers_1669,100,mclmc:st3,38.8365478515625,12.275367736816406,mclachlan,standard,1.0,False,0.0,0.09708737581968307,inf,inf,inf,20000,128,False,1,0.0
Gaussian_outliers_1669,100,mclmc:st2,35.708953857421875,12.275367736816406,mclachlan,standard,1.0,False,0.0,0.10775861889123917,inf,inf,inf,20000,128,False,1,0.0
Gaussian_outliers_1669,100,adjusted_mclmc:0.9,133.1226043701172,13.271726608276367,mclachlan,standard,0.904884934425354,False,0.0,0.014035114087164402,0.8028154969215393,0.7221775054931641,0.8007642030715942,20000,128,True,1,0.0016798602882772684
Gaussian_outliers_1669,100,adjusted_mclmc:0.9,268.60931396484375,13.255258560180664,mclachlan,standard,0.9051834344863892,False,0.0,0.00724568497389555,0.7778546810150146,0.7034907341003418,0.7767894268035889,20000,128,True,2,0.0009795359801501036
Gaussian_outliers_1669,100,adjusted_mclmc:0.9,56.418190002441406,13.271500587463379,mclachlan,standard,0.9022246599197388,False,0.0,0.02837325818836689,0.9509709477424622,0.7468558549880981,0.9443691372871399,20000,128,False,1,0.0008721158956177533
Gaussian_outliers_1669,100,adjusted_mclmc:0.9,53.999351501464844,13.305161476135254,mclachlan,standard,0.9018206596374512,False,0.0,0.029456928372383118,0.9284698963165283,0.7158027291297913,0.9193252921104431,20000,128,False,2,0.0008499928517267108
Gaussian_outliers_1669,100,nuts,0.0,0.0,velocity_verlet,standard,0.8056284785270691,False,0.0,0.02808208204805851,inf,inf,inf,20000,128,,-1,0.0
Gaussian_outliers_1669,100,nuts,0.0,0.0,mclachlan,standard,0.8155945539474487,False,0.0,0.030141225084662437,inf,inf,inf,20000,128,,-1,0.0
