model,dims,sampler,L,step_size,integrator,tuning,acc_rate,preconditioning,inv_L_prop,ess_avg,ess_corr_avg,ess_corr_min,ess_corr_inv_mean,num_steps,num_chains,worst,num_windows,ESS
Gaussian_outliers_12916,100,mclmc:st3,46.12690734863281,12.275218963623047,mclachlan,standard,1.0,False,0.0,0.05422993376851082,inf,inf,inf,20000,128,False,1,0.0
Gaussian_outliers_12916,100,mclmc:st2,38.00773620605469,12.275218963623047,mclachlan,standard,1.0,False,0.0,0.07473841309547424,inf,inf,inf,20000,128,False,1,0.0
Gaussian_outliers_12916,100,adjusted_mclmc:0.9,131.86563110351562,13.334861755371094,mclachlan,standard,0.9040155410766602,False,0.0,0.01110891718417406,0.7960891723632812,0.7188006043434143,0.7936195731163025,20000,128,True,1,0.0003145728842355311
Gaussian_outliers_12916,100,adjusted_mclmc:0.9,269.45147705078125,13.294618606567383,mclachlan,standard,0.905761182308197,False,0.0,0.006238037720322609,0.7786343097686768,0.7270496487617493,0.7779821157455444,20000,128,True,2,0.0005766498507000506
Gaussian_outliers_12916,100,adjusted_mclmc:0.9,116.19175720214844,13.302641868591309,mclachlan,standard,0.9044761061668396,False,0.0,0.01162741333246231,0.8050574064254761,0.7147400975227356,0.8022151589393616,20000,128,False,1,0.0
Gaussian_outliers_12916,100,adjusted_mclmc:0.9,137.84840393066406,13.312671661376953,mclachlan,standard,0.9045165777206421,False,0.0,0.011577119119465351,0.7986541986465454,0.7020875215530396,0.7963790893554688,20000,128,False,2,0.00029295822605490685
Gaussian_outliers_12916,100,nuts,0.0,0.0,velocity_verlet,standard,0.8053144812583923,False,0.0,0.02434765361249447,inf,inf,inf,20000,128,,-1,0.0
Gaussian_outliers_12916,100,nuts,0.0,0.0,mclachlan,standard,0.8155393600463867,False,0.0,0.022010359913110733,inf,inf,inf,20000,128,,-1,0.0
