model,dims,sampler,L,step_size,integrator,tuning,acc_rate,preconditioning,inv_L_prop,ess_avg,ess_corr_avg,ess_corr_min,ess_corr_inv_mean,num_steps,num_chains,worst,num_windows,ESS
Gaussian_outliers_12916,100,mclmc:fast_gridFalse,308.09686279296875,14.40893268585205,mclachlan,gridsearch,1.0,False,0.0,0.02120441012084484,0.0,0.0,0.0,100000,128,True,1,0.0013855788856744766
Gaussian_outliers_12916,100,adjusted_mclmc:fast_gridFalse,252.2148895263672,13.599967002868652,mclachlan,gridsearch,0.9003552198410034,False,0.0,0.007406887598335743,0.0,0.0,0.0,40000,128,True,1,0.000631850678473711
Gaussian_outliers_12916,100,mclmc:st3,136.3282470703125,12.256007194519043,mclachlan,standard,1.0,False,0.0,0.032743941992521286,0.5850139856338501,0.5323619246482849,0.5842289924621582,100000,128,False,1,0.0005532809300348163
Gaussian_outliers_12916,100,mclmc:st3,111.74359130859375,12.284782409667969,mclachlan,standard,1.0,False,0.0,0.0350385420024395,0.588068962097168,0.5261489748954773,0.5862748622894287,100000,128,False,2,0.0
Gaussian_outliers_12916,100,adjusted_mclmc:0.91.3,268.32562255859375,13.409806251525879,mclachlan,standard,0.9036022424697876,False,0.0,0.006711986847221851,0.7774684429168701,0.7306479811668396,0.776848316192627,40000,128,True,2,0.0006155964802019298
Gaussian_outliers_12916,100,adjusted_mclmc:0.91.3,198.12554931640625,13.425233840942383,mclachlan,standard,0.903153121471405,False,0.0,0.00812136847525835,0.7786906957626343,0.7002807259559631,0.7778012156486511,40000,128,False,2,0.0004533614846877754
Gaussian_outliers_12916,100,adjusted_mclmc:0.91.3,253.74383544921875,13.051530838012695,mclachlan,standard,0.9024637937545776,False,0.8,0.010208812542259693,0.9360514879226685,0.16727939248085022,0.477668821811676,40000,128,True,2,0.0003842849109787494
Gaussian_outliers_12916,100,adjusted_mclmc:0.91.3,194.3632049560547,13.029468536376953,mclachlan,standard,0.9030276536941528,False,0.8,0.0110522685572505,1.0371923446655273,0.16425997018814087,0.4600125849246979,40000,128,False,2,0.0002590442600194365
Gaussian_outliers_12916,100,nuts,0.0,0.0,velocity_verlet,standard,0.8057807683944702,False,0.0,0.02112904004752636,1.7777173519134521,1.5858817100524902,1.7753021717071533,40000,128,,-1,0.0
