model,dims,sampler,L,step_size,integrator,tuning,acc_rate,preconditioning,inv_L_prop,ess_avg,ess_corr_avg,ess_corr_min,ess_corr_inv_mean,num_steps,num_chains,worst,num_windows,ESS
Gaussian_log_1669,100,mclmc:st3,22.70366096496582,3.00222110748291,mclachlan,standard,1.0,False,0.0,0.032030750066041946,inf,inf,inf,20000,128,False,1,0.0
Gaussian_log_1669,100,mclmc:st2,22.95355987548828,3.00222110748291,mclachlan,standard,1.0,False,0.0,0.0316656120121479,inf,inf,inf,20000,128,False,1,0.0
Gaussian_log_1669,100,adjusted_mclmc:0.9,30.22209358215332,2.931938409805298,mclachlan,standard,0.9095571041107178,False,0.0,0.01365599874407053,0.6962244510650635,0.638286292552948,0.6957138776779175,20000,128,True,1,0.001657394808717072
Gaussian_log_1669,100,adjusted_mclmc:0.9,58.68217468261719,2.821898937225342,mclachlan,standard,0.9034527540206909,False,0.0,0.007214006036520004,0.7943859100341797,0.7421203255653381,0.7940199375152588,20000,128,True,2,0.0009536577272228897
Gaussian_log_1669,100,adjusted_mclmc:0.9,23.573863983154297,2.970926284790039,mclachlan,standard,0.9106867909431458,False,0.0,0.015672439709305763,0.6549373865127563,0.6361100077629089,0.654811680316925,20000,128,False,1,0.0016765089239925146
Gaussian_log_1669,100,adjusted_mclmc:0.9,23.725372314453125,2.964209794998169,mclachlan,standard,0.9114750623703003,False,0.0,0.015933701768517494,0.656336784362793,0.6335108876228333,0.6561897993087769,20000,128,False,2,0.0017258940497413278
Gaussian_log_1669,100,nuts,0.0,0.0,velocity_verlet,standard,0.8049461841583252,False,0.0,0.0032773930579423904,inf,inf,inf,20000,128,,-1,0.0004339853476267308
Gaussian_log_1669,100,nuts,0.0,0.0,mclachlan,standard,0.8407953381538391,False,0.0,0.003376463195309043,inf,inf,inf,20000,128,,-1,0.0004106509150005877
