model,dims,sampler,L,step_size,integrator,tuning,acc_rate,preconditioning,inv_L_prop,ess_avg,ess_corr_avg,ess_corr_min,ess_corr_inv_mean,num_steps,num_chains,worst,num_windows,ESS
Gaussian_log_78,100,mclmc:st3,13.787152290344238,6.1300554275512695,mclachlan,standard,1.0,False,0.0,0.11467889696359634,inf,inf,inf,20000,128,False,1,0.010778184980154037
Gaussian_log_78,100,mclmc:st2,14.13420295715332,6.1300554275512695,mclachlan,standard,1.0,False,0.0,0.11574073880910873,inf,inf,inf,20000,128,False,1,0.010708930902183056
Gaussian_log_78,100,adjusted_mclmc:0.9,29.89313507080078,6.0595784187316895,mclachlan,standard,0.9103289842605591,False,0.0,0.03389027342200279,0.8669160604476929,0.8272686004638672,0.8666250109672546,20000,128,True,1,0.004328574053943157
Gaussian_log_78,100,adjusted_mclmc:0.9,30.03114128112793,6.062887668609619,mclachlan,standard,0.9102135896682739,False,0.0,0.032346539199352264,0.867513120174408,0.8235710263252258,0.8672588467597961,20000,128,True,2,0.0041685751639306545
Gaussian_log_78,100,adjusted_mclmc:0.9,14.22878646850586,6.212203025817871,mclachlan,standard,0.9128268957138062,False,0.0,0.06218346208333969,0.6927456855773926,0.6536601185798645,0.6925569772720337,20000,128,False,1,0.007215337362140417
Gaussian_log_78,100,adjusted_mclmc:0.9,14.208780288696289,6.226151943206787,mclachlan,standard,0.9119135141372681,False,0.0,0.06313208490610123,0.6918946504592896,0.6593807339668274,0.6917192339897156,20000,128,False,2,0.007418500725179911
Gaussian_log_78,100,nuts,0.0,0.0,velocity_verlet,standard,0.8052580952644348,False,0.0,0.01290515623986721,inf,inf,inf,20000,128,,-1,0.0016493418952450156
Gaussian_log_78,100,nuts,0.0,0.0,mclachlan,standard,0.8270320892333984,False,0.0,0.013366992585361004,inf,inf,inf,20000,128,,-1,0.001708430121652782
