model,dims,sampler,L,step_size,integrator,tuning,acc_rate,preconditioning,inv_L_prop,ess_avg,ess_corr_avg,ess_corr_min,ess_corr_inv_mean,num_steps,num_chains,worst,num_windows,ESS
Gaussian_log_216,100,mclmc:st3,16.30556869506836,4.855382919311523,mclachlan,standard,1.0,False,0.0,0.07518796622753143,inf,inf,inf,20000,128,False,1,0.0062861451879143715
Gaussian_log_216,100,mclmc:st2,16.463327407836914,4.855382919311523,mclachlan,standard,1.0,False,0.0,0.07496251910924911,inf,inf,inf,20000,128,False,1,0.006184292025864124
Gaussian_log_216,100,adjusted_mclmc:0.9,38.48685073852539,4.739927768707275,mclachlan,standard,0.9081498384475708,False,0.0,0.020186062902212143,0.8390144109725952,0.8110121488571167,0.8388591408729553,20000,128,True,1,0.0025610437151044607
Gaussian_log_216,100,adjusted_mclmc:0.9,38.56240463256836,4.741856098175049,mclachlan,standard,0.9080138802528381,False,0.0,0.018857112154364586,0.8389937877655029,0.8144986629486084,0.8388400673866272,20000,128,True,2,0.0025392065290361643
Gaussian_log_216,100,adjusted_mclmc:0.9,16.61107635498047,4.891662120819092,mclachlan,standard,0.9135112166404724,False,0.0,0.039898186922073364,0.6777156591415405,0.642367959022522,0.6775714159011841,20000,128,False,1,0.004415845964103937
Gaussian_log_216,100,adjusted_mclmc:0.9,16.60873794555664,4.900749683380127,mclachlan,standard,0.9128931760787964,False,0.0,0.03997792676091194,0.6753718256950378,0.6492853760719299,0.6751858592033386,20000,128,False,2,0.0042500304989516735
Gaussian_log_216,100,nuts,0.0,0.0,velocity_verlet,standard,0.8052489161491394,False,0.0,0.008921901695430279,inf,inf,inf,20000,128,,-1,0.0011755053419619799
Gaussian_log_216,100,nuts,0.0,0.0,mclachlan,standard,0.830919086933136,False,0.0,0.010399319231510162,inf,inf,inf,20000,128,,-1,0.0012576954904943705
