model,dims,sampler,L,step_size,integrator,tuning,acc_rate,preconditioning,inv_L_prop,ess_avg,ess_corr_avg,ess_corr_min,ess_corr_inv_mean,num_steps,num_chains,worst,num_windows,ESS
Gaussian_log_10,100,mclmc:st3,9.879100799560547,9.45602798461914,mclachlan,standard,1.0,False,0.0,0.24271844327449799,inf,inf,inf,20000,128,False,1,0.02624671906232834
Gaussian_log_10,100,mclmc:st2,11.061244010925293,9.45602798461914,mclachlan,standard,1.0,False,0.0,0.24271844327449799,inf,inf,inf,20000,128,False,1,0.02693965472280979
Gaussian_log_10,100,adjusted_mclmc:0.9,18.07220458984375,9.458990097045898,mclachlan,standard,0.9083595871925354,False,0.0,0.10141045600175858,0.9669262766838074,0.8984612226486206,0.9659783244132996,20000,128,True,1,0.01354940328747034
Gaussian_log_10,100,adjusted_mclmc:0.9,18.046213150024414,9.467533111572266,mclachlan,standard,0.9081138372421265,False,0.0,0.10204388946294785,0.9642016887664795,0.8962622284889221,0.9632291793823242,20000,128,True,2,0.012811567634344101
Gaussian_log_10,100,adjusted_mclmc:0.9,11.14011001586914,9.679571151733398,mclachlan,standard,0.9024722576141357,False,0.0,0.1591029018163681,0.4374425411224365,0.41638004779815674,0.4372890293598175,20000,128,False,1,0.01831931434571743
Gaussian_log_10,100,adjusted_mclmc:0.9,11.126026153564453,9.687561988830566,mclachlan,standard,0.9021199941635132,False,0.0,0.16362342238426208,0.4356820285320282,0.4102317988872528,0.43544164299964905,20000,128,False,2,0.018119828775525093
Gaussian_log_10,100,nuts,0.0,0.0,velocity_verlet,standard,0.8057950139045715,False,0.0,0.027610672637820244,inf,inf,inf,20000,128,,-1,0.00364534929394722
Gaussian_log_10,100,nuts,0.0,0.0,mclachlan,standard,0.8290050029754639,False,0.0,0.0367949977517128,inf,inf,inf,20000,128,,-1,0.004756767302751541
