model,dims,sampler,L,step_size,integrator,tuning,acc_rate,preconditioning,inv_L_prop,ess_avg,ess_corr_avg,ess_corr_min,ess_corr_inv_mean,num_steps,num_chains,worst,num_windows,ESS
Gaussian_outliers_4642,100,mclmc:fast_gridFalse,190.23118591308594,14.560276985168457,mclachlan,gridsearch,1.0,False,0.0,0.035285815596580505,0.0,0.0,0.0,100000,128,True,1,0.002381859812885523
Gaussian_outliers_4642,100,adjusted_mclmc:fast_gridFalse,205.6602783203125,13.326881408691406,mclachlan,gridsearch,0.9055659770965576,False,0.0,0.009501534514129162,0.0,0.0,0.0,40000,128,True,1,0.0010348204523324966
Gaussian_outliers_4642,100,mclmc:st3,88.76348876953125,12.321821212768555,mclachlan,standard,1.0,False,0.0,0.050658561289310455,0.5893546342849731,0.5242195725440979,0.5885728001594543,100000,128,False,1,0.0009575058938935399
Gaussian_outliers_4642,100,mclmc:st3,75.85466766357422,12.329315185546875,mclachlan,standard,1.0,False,0.0,0.05482456088066101,0.5917916893959045,0.5095239877700806,0.5893329977989197,100000,128,False,2,0.000717761751729995
Gaussian_outliers_4642,100,adjusted_mclmc:0.91.3,271.78643798828125,13.387121200561523,mclachlan,standard,0.9035860300064087,False,0.0,0.006952451542019844,0.7763144969940186,0.7213040590286255,0.7756250500679016,40000,128,True,2,0.0008320377673953772
Gaussian_outliers_4642,100,adjusted_mclmc:0.91.3,123.84114837646484,13.418746948242188,mclachlan,standard,0.9024333953857422,False,0.0,0.014555796980857849,0.8186895847320557,0.7164018750190735,0.8166911602020264,40000,128,False,2,0.0007368017686530948
Gaussian_outliers_4642,100,adjusted_mclmc:0.91.3,263.0179138183594,13.02558708190918,mclachlan,standard,0.9022976160049438,False,0.8,0.011166898533701897,1.042187213897705,0.16461768746376038,0.5341640710830688,40000,128,True,2,0.0009302240796387196
Gaussian_outliers_4642,100,adjusted_mclmc:0.91.3,122.23756408691406,13.491741180419922,mclachlan,standard,0.9008582830429077,False,0.8,0.018292224034667015,0.48229271173477173,0.16792616248130798,0.29559507966041565,40000,128,False,2,0.0006527515943162143
Gaussian_outliers_4642,100,nuts,0.0,0.0,velocity_verlet,standard,0.8048869967460632,False,0.0,0.02730969339609146,1.7873289585113525,1.6346502304077148,1.7839124202728271,40000,128,,-1,0.0
