model,dims,sampler,L,step_size,integrator,tuning,acc_rate,preconditioning,inv_L_prop,ess_avg,ess_corr_avg,ess_corr_min,ess_corr_inv_mean,num_steps,num_chains,worst,num_windows,ESS
Gaussian_outliers_35939,100,mclmc:fast_gridFalse,1.5839072148082778e-05,0.0,mclachlan,gridsearch,1.0,False,0.0,0.0,0.0,0.0,0.0,100000,128,True,1,0.0
Gaussian_outliers_35939,100,adjusted_mclmc:fast_gridFalse,499.1770324707031,13.290762901306152,mclachlan,gridsearch,0.9066132307052612,False,0.0,0.003697965294122696,0.0,0.0,0.0,40000,128,True,1,0.00039526945329271257
Gaussian_outliers_35939,100,mclmc:st3,58.540313720703125,3.789569139480591,mclachlan,standard,1.0,False,0.0,0.0,1.6654514074325562,1.8770901078823954e-05,6.730314635206014e-05,100000,128,False,1,0.0
Gaussian_outliers_35939,100,mclmc:st3,50.489952087402344,4.336819648742676,mclachlan,standard,1.0,False,0.0,0.0,2.512982130050659,1.9155202608089894e-05,0.0001254981179954484,100000,128,False,2,0.0
Gaussian_outliers_35939,100,adjusted_mclmc:0.91.3,273.3221740722656,13.462007522583008,mclachlan,standard,0.9027609825134277,False,0.0,0.0057772318832576275,0.7700291872024536,0.7280617952346802,0.7693110704421997,40000,128,True,2,0.00023041857639327645
Gaussian_outliers_35939,100,adjusted_mclmc:0.91.3,258.06060791015625,13.429161071777344,mclachlan,standard,0.9035030603408813,False,0.0,0.0062218173407018185,0.7700473666191101,0.7301731109619141,0.7694300413131714,40000,128,False,2,0.00020500704704318196
Gaussian_outliers_35939,100,adjusted_mclmc:0.91.3,263.8165283203125,13.028499603271484,mclachlan,standard,0.903296709060669,False,0.8,0.00886678695678711,0.9775372743606567,0.1694103628396988,0.4864054024219513,40000,128,True,2,0.00016151113959494978
Gaussian_outliers_35939,100,adjusted_mclmc:0.91.3,248.47415161132812,13.030263900756836,mclachlan,standard,0.8992735743522644,False,0.8,0.008199348114430904,0.9537647366523743,0.16028374433517456,0.4610331058502197,40000,128,False,2,0.00012935668928548694
Gaussian_outliers_35939,100,nuts,0.0,0.0,velocity_verlet,standard,0.8076863884925842,False,0.0,0.02077816054224968,1.7574241161346436,1.584374189376831,1.7539958953857422,40000,128,,-1,0.0
