model,dims,sampler,L,step_size,integrator,tuning,acc_rate,preconditioning,inv_L_prop,ess_avg,ess_corr_avg,ess_corr_min,ess_corr_inv_mean,num_steps,num_chains,worst,num_windows,ESS
Gaussian_log_100000,100,mclmc:st3,35.72673034667969,1.1191716194152832,mclachlan,standard,1.0,False,0.0,0.005161024164408445,inf,inf,inf,20000,128,False,1,0.0
Gaussian_log_100000,100,mclmc:st2,34.80229187011719,1.1191716194152832,mclachlan,standard,1.0,False,0.0,0.00522356852889061,inf,inf,inf,20000,128,False,1,0.0
Gaussian_log_100000,100,adjusted_mclmc:0.9,11.633896827697754,1.1066114902496338,mclachlan,standard,0.9158887267112732,False,0.0,0.001422216068021953,0.4742864966392517,0.4334952235221863,0.4738481640815735,20000,128,True,1,0.0
Gaussian_log_100000,100,adjusted_mclmc:0.9,22.905742645263672,1.0798025131225586,mclachlan,standard,0.9093256592750549,False,0.0,0.002233498264104128,0.5521799921989441,0.5082117915153503,0.5515538454055786,20000,128,True,2,0.0
Gaussian_log_100000,100,adjusted_mclmc:0.9,11.389026641845703,1.109048843383789,mclachlan,standard,0.915601372718811,False,0.0,0.0013633633498102427,0.4706284999847412,0.4335247874259949,0.4701991081237793,20000,128,False,1,0.0
Gaussian_log_100000,100,adjusted_mclmc:0.9,23.056568145751953,1.07811439037323,mclachlan,standard,0.9097162485122681,False,0.0,0.0022482131607830524,0.5532618761062622,0.501713752746582,0.5524786710739136,20000,128,False,2,0.0
Gaussian_log_100000,100,nuts,0.0,0.0,velocity_verlet,standard,0.8052911758422852,False,0.0,0.0004931060830131173,inf,inf,inf,20000,128,,-1,6.279687659116462e-05
Gaussian_log_100000,100,nuts,0.0,0.0,mclachlan,standard,0.852500855922699,False,0.0,0.00047639431431889534,inf,inf,inf,20000,128,,-1,6.179441697895527e-05
